unix,date,symbol,open,high,low,close,Volume COOL,Volume USDT,buyTakerAmount,buyTakerQuantity,tradeCount,weightedAverage
1689811200000,2023-07-20 00:00:00,COOL/USDT,1499,1499,1001,1001,1.83,0.001464,1.09,0.000733,2,1299.92
1689724800000,2023-07-19 00:00:00,COOL/USDT,1250.04,1250.04,1000,1000,20.76,0.019863,0,0,4,1054.19
1689638400000,2023-07-18 00:00:00,COOL/USDT,1700.1,1700.1,1700.1,1700.1,0,0,0,0,0,1569.44
1689552000000,2023-07-17 00:00:00,COOL/USDT,1700,1700.1,1250.03,1700.1,73.56,0.047249,34.83,0.020491,18,1569.44
1689465600000,2023-07-16 00:00:00,COOL/USDT,2099,2099,2099,2099,1.99,0.000952,1.99,0.000952,1,2099
1689379200000,2023-07-15 00:00:00,COOL/USDT,2177,2177.99,2177,2177.99,7.27,0.003342,7.27,0.003342,5,2177.27
1689292800000,2023-07-14 00:00:00,COOL/USDT,1500.01,1500.01,1500,1500,6.28,0.004192,0,0,3,1500
1689206400000,2023-07-13 00:00:00,COOL/USDT,1500,1500,1500,1500,5.53,0.003687,0,0,2,1500
1689120000000,2023-07-12 00:00:00,COOL/USDT,1500.01,1500.01,1500.01,1500.01,0,0,0,0,0,1500.01
1689033600000,2023-07-11 00:00:00,COOL/USDT,1500.01,1500.01,1500.01,1500.01,13.46,0.008976,0,0,1,1500.01
1688947200000,2023-07-10 00:00:00,COOL/USDT,1500.02,1500.02,1500.01,1500.01,11.58,0.00772,0,0,2,1500.01
1688860800000,2023-07-09 00:00:00,COOL/USDT,1500,1500,1500,1500,0,0,0,0,0,1500
1688774400000,2023-07-08 00:00:00,COOL/USDT,1500,1500,1500,1500,0,0.000001,0,0,1,1500
1688688000000,2023-07-07 00:00:00,COOL/USDT,2177.99,2177.99,2177.99,2177.99,0,0,0,0,0,2178.37
1688601600000,2023-07-06 00:00:00,COOL/USDT,2200,2200,2177.99,2177.99,17.55,0.008058,17.24,0.00792,2,2178.37
1688515200000,2023-07-05 00:00:00,COOL/USDT,2200,2200,2200,2200,0,0,0,0,0,2281.77
1688428800000,2023-07-04 00:00:00,COOL/USDT,2200.02,3266,2200,2200,13.41,0.005944,1.02,0.000315,6,2281.77
1688342400000,2023-07-03 00:00:00,COOL/USDT,2894.85,3265,2894.85,3265,28.78,0.009749,17.92,0.005996,8,2959.24
1688256000000,2023-07-02 00:00:00,COOL/USDT,2429.08,2999,2429.08,2894.85,52.21,0.018613,41.42,0.014913,12,2813.18
1688169600000,2023-07-01 00:00:00,COOL/USDT,2000,2000,1250,1250,35.8,0.019731,27.76,0.013884,5,1872.21
1688083200000,2023-06-30 00:00:00,COOL/USDT,2000,2000,2000,2000,0,0,0,0,0,2000
1687996800000,2023-06-29 00:00:00,COOL/USDT,2000,2000,2000,2000,0,0,0,0,0,2000
1687910400000,2023-06-28 00:00:00,COOL/USDT,2000,2000,2000,2000,0,0,0,0,0,2000
1687824000000,2023-06-27 00:00:00,COOL/USDT,2000,2000,2000,2000,0,0,0,0,0,2000
1687737600000,2023-06-26 00:00:00,COOL/USDT,2000,2000,2000,2000,0,0,0,0,0,2000
1687651200000,2023-06-25 00:00:00,COOL/USDT,2000,2000,2000,2000,0,0,0,0,0,2000
1687564800000,2023-06-24 00:00:00,COOL/USDT,2000,2000,2000,2000,2.42,0.001214,0,0,2,2000
1687478400000,2023-06-23 00:00:00,COOL/USDT,2000,2000,2000,2000,0,0,0,0,0,2226.28
1687392000000,2023-06-22 00:00:00,COOL/USDT,2849,2999,2000,2000,130.01,0.059587,25.29,0.008842,11,2226.28
1687305600000,2023-06-21 00:00:00,COOL/USDT,2870.01,2870.01,2870.01,2870.01,0,0,0,0,0,2839.39
1687219200000,2023-06-20 00:00:00,COOL/USDT,2870.01,2870.01,2870.01,2870.01,0,0,0,0,0,2839.39
1687132800000,2023-06-19 00:00:00,COOL/USDT,2870.01,2870.01,2870.01,2870.01,0,0,0,0,0,2839.39
1687046400000,2023-06-18 00:00:00,COOL/USDT,2799,2870.01,2799,2870.01,5.27,0.001857,5.27,0.001857,2,2839.39
1686960000000,2023-06-17 00:00:00,COOL/USDT,2669.48,2669.48,2669.48,2669.48,0,0,0,0,0,2669.48
1686873600000,2023-06-16 00:00:00,COOL/USDT,2669.48,2669.48,2669.48,2669.48,0,0,0,0,0,2669.48
1686787200000,2023-06-15 00:00:00,COOL/USDT,2669.48,2669.48,2669.48,2669.48,0,0,0,0,0,2669.48
1686700800000,2023-06-14 00:00:00,COOL/USDT,2669.48,2669.48,2669.48,2669.48,0,0,0,0,0,2669.48
1686614400000,2023-06-13 00:00:00,COOL/USDT,2669.48,2669.48,2669.48,2669.48,0,0,0,0,0,2669.48
1686528000000,2023-06-12 00:00:00,COOL/USDT,2669.48,2669.48,2669.48,2669.48,0,0,0,0,0,2669.48
1686441600000,2023-06-11 00:00:00,COOL/USDT,2669.48,2669.48,2669.48,2669.48,0,0,0,0,0,2669.48
1686355200000,2023-06-10 00:00:00,COOL/USDT,2669.48,2669.48,2669.48,2669.48,0.99,0.000374,0.99,0.000374,1,2669.48
1686268800000,2023-06-09 00:00:00,COOL/USDT,2799,2799,2799,2799,0,0,0,0,0,2799
1686182400000,2023-06-08 00:00:00,COOL/USDT,2799,2799,2799,2799,1.09,0.000392,1.09,0.000392,1,2799
1686096000000,2023-06-07 00:00:00,COOL/USDT,2799,2799,2799,2799,1.29,0.000464,1.29,0.000464,1,2799
1686009600000,2023-06-06 00:00:00,COOL/USDT,2870.01,2870.01,2870.01,2870.01,0,0,0,0,0,2769.8
1685923200000,2023-06-05 00:00:00,COOL/USDT,2870.01,2870.01,2870.01,2870.01,0,0,0,0,0,2769.8
1685836800000,2023-06-04 00:00:00,COOL/USDT,2870.01,2870.01,2870.01,2870.01,0,0,0,0,0,2769.8
1685750400000,2023-06-03 00:00:00,COOL/USDT,2870.01,2870.01,2870.01,2870.01,0,0,0,0,0,2769.8
1685664000000,2023-06-02 00:00:00,COOL/USDT,2870.01,2870.01,2870.01,2870.01,0,0,0,0,0,2769.8
1685577600000,2023-06-01 00:00:00,COOL/USDT,2870.01,2870.01,2870.01,2870.01,0,0,0,0,0,2769.8
1685491200000,2023-05-31 00:00:00,COOL/USDT,2870.01,2870.01,2870.01,2870.01,0,0,0,0,0,2769.8
1685404800000,2023-05-30 00:00:00,COOL/USDT,2870.01,2870.01,2870.01,2870.01,0,0,0,0,0,2769.8
1685318400000,2023-05-29 00:00:00,COOL/USDT,2870.01,2870.01,2870.01,2870.01,0,0,0,0,0,2769.8
1685232000000,2023-05-28 00:00:00,COOL/USDT,2699,2870.01,2699,2870.01,9.99,0.003612,9.99,0.003612,3,2769.8
1685145600000,2023-05-27 00:00:00,COOL/USDT,2565.62,2565.62,2565.62,2565.62,0,0,0,0,0,2565.62
1685059200000,2023-05-26 00:00:00,COOL/USDT,2565.62,2565.62,2565.62,2565.62,2.99,0.001169,0,0,1,2565.62
1684972800000,2023-05-25 00:00:00,COOL/USDT,2899,2899,2899,2899,0,0,0,0,0,2786.95
1684886400000,2023-05-24 00:00:00,COOL/USDT,2899,2899,2899,2899,0,0,0,0,0,2786.95
1684800000000,2023-05-23 00:00:00,COOL/USDT,2899,2899,2899,2899,0,0,0,0,0,2786.95
1684713600000,2023-05-22 00:00:00,COOL/USDT,2899,2899,2899,2899,0,0,0,0,0,2786.95
1684627200000,2023-05-21 00:00:00,COOL/USDT,2899,2899,2899,2899,0,0,0,0,0,2786.95
1684540800000,2023-05-20 00:00:00,COOL/USDT,2899,2899,2899,2899,0,0,0,0,0,2786.95
1684454400000,2023-05-19 00:00:00,COOL/USDT,2899,2899,2899,2899,0,0,0,0,0,2786.95
1684368000000,2023-05-18 00:00:00,COOL/USDT,2899,2899,2899,2899,0,0,0,0,0,2786.95
1684281600000,2023-05-17 00:00:00,COOL/USDT,2899,2899,2899,2899,0,0,0,0,0,2786.95
1684195200000,2023-05-16 00:00:00,COOL/USDT,2672.07,2899,2672.07,2899,6.29,0.002264,6.29,0.002264,2,2786.95
1684108800000,2023-05-15 00:00:00,COOL/USDT,2499,2499,2499,2499,0,0,0,0,0,2565.99
1684022400000,2023-05-14 00:00:00,COOL/USDT,2499,2499,2499,2499,0,0,0,0,0,2565.99
1683936000000,2023-05-13 00:00:00,COOL/USDT,2499,2499,2499,2499,0,0,0,0,0,2565.99
1683849600000,2023-05-12 00:00:00,COOL/USDT,2499,2499,2499,2499,0,0,0,0,0,2565.99
1683763200000,2023-05-11 00:00:00,COOL/USDT,2499,2499,2499,2499,0,0,0,0,0,2565.99
1683676800000,2023-05-10 00:00:00,COOL/USDT,2499,2499,2499,2499,0,0,0,0,0,2565.99
1683590400000,2023-05-09 00:00:00,COOL/USDT,2499,2499,2499,2499,0,0,0,0,0,2565.99
1683504000000,2023-05-08 00:00:00,COOL/USDT,2499,2499,2499,2499,0,0,0,0,0,2565.99
1683417600000,2023-05-07 00:00:00,COOL/USDT,2499,2499,2499,2499,0,0,0,0,0,2565.99
1683331200000,2023-05-06 00:00:00,COOL/USDT,2499,2499,2499,2499,0,0,0,0,0,2565.99
1683244800000,2023-05-05 00:00:00,COOL/USDT,2499,2499,2499,2499,0,0,0,0,0,2565.99
1683158400000,2023-05-04 00:00:00,COOL/USDT,2499,2499,2499,2499,0,0,0,0,0,2565.99
1683072000000,2023-05-03 00:00:00,COOL/USDT,2499,2499,2499,2499,0,0,0,0,0,2565.99
1682985600000,2023-05-02 00:00:00,COOL/USDT,2499,2499,2499,2499,0,0,0,0,0,2565.99
1682899200000,2023-05-01 00:00:00,COOL/USDT,2602.31,2602.31,2222,2499,42.38,0.016543,8.93,0.003503,6,2565.99
1682812800000,2023-04-30 00:00:00,COOL/USDT,2602.31,2602.31,2602.31,2602.31,0,0,0,0,0,2602.31
1682726400000,2023-04-29 00:00:00,COOL/USDT,2602.31,2602.31,2602.31,2602.31,0,0,0,0,0,2602.31
1682640000000,2023-04-28 00:00:00,COOL/USDT,2602.31,2602.31,2602.31,2602.31,0,0,0,0,0,2602.31
1682553600000,2023-04-27 00:00:00,COOL/USDT,2602.31,2602.31,2602.31,2602.31,0,0,0,0,0,2602.31
1682467200000,2023-04-26 00:00:00,COOL/USDT,2602.31,2602.31,2602.31,2602.31,0.24,0.000094,0,0,2,2602.31
1682380800000,2023-04-25 00:00:00,COOL/USDT,2603,2603,2602.31,2602.31,19.92,0.007656,0,0,2,2602.48
1682294400000,2023-04-24 00:00:00,COOL/USDT,2915.04,2915.04,2915.04,2915.04,0,0,0,0,0,2917.42
1682208000000,2023-04-23 00:00:00,COOL/USDT,2915.04,2915.04,2915.04,2915.04,0,0,0,0,0,2917.42
1682121600000,2023-04-22 00:00:00,COOL/USDT,2915.04,2915.04,2915.04,2915.04,0,0,0,0,0,2917.42
1682035200000,2023-04-21 00:00:00,COOL/USDT,2915.04,2915.04,2915.04,2915.04,0,0,0,0,0,2917.42
1681948800000,2023-04-20 00:00:00,COOL/USDT,2915.04,2915.04,2915.04,2915.04,0,0,0,0,0,2917.42
1681862400000,2023-04-19 00:00:00,COOL/USDT,2919.62,2919.62,2915.04,2915.04,6.52,0.002237,0,0,2,2917.42
1681776000000,2023-04-18 00:00:00,COOL/USDT,3299,3299,3299,3299,0,0,0,0,0,3139.53
1681689600000,2023-04-17 00:00:00,COOL/USDT,3299,3299,3299,3299,0,0,0,0,0,3139.53
1681603200000,2023-04-16 00:00:00,COOL/USDT,3299,3299,3299,3299,0,0,0,0,0,3139.53
1681516800000,2023-04-15 00:00:00,COOL/USDT,3099,3299,3099,3299,2.5,0.000799,2.5,0.000799,2,3139.53
1681430400000,2023-04-14 00:00:00,COOL/USDT,2915.04,2915.04,2915.04,2915.04,3.36,0.001155,0,0,1,2915.04
1681344000000,2023-04-13 00:00:00,COOL/USDT,2915.04,2915.04,2915.04,2915.04,0,0,0,0,0,2915.04
1681257600000,2023-04-12 00:00:00,COOL/USDT,2915.04,2915.04,2915.04,2915.04,0.27,0.000094,0,0,1,2915.04
1681171200000,2023-04-11 00:00:00,COOL/USDT,2915.04,2915.04,2915.04,2915.04,0,0,0,0,0,2915.04
1681084800000,2023-04-10 00:00:00,COOL/USDT,2915.04,2915.04,2915.04,2915.04,0,0,0,0,0,2915.04
1680998400000,2023-04-09 00:00:00,COOL/USDT,2915.04,2915.04,2915.04,2915.04,0,0,0,0,0,2915.04
1680912000000,2023-04-08 00:00:00,COOL/USDT,2915.04,2915.04,2915.04,2915.04,0,0,0,0,0,2915.04
1680825600000,2023-04-07 00:00:00,COOL/USDT,2915.04,2915.04,2915.04,2915.04,0,0,0,0,0,2915.04
1680739200000,2023-04-06 00:00:00,COOL/USDT,2915.04,2915.04,2915.04,2915.04,0,0,0,0,0,2915.04
1680652800000,2023-04-05 00:00:00,COOL/USDT,2915.04,2915.04,2915.04,2915.04,0,0,0,0,0,2915.04
1680566400000,2023-04-04 00:00:00,COOL/USDT,2915.04,2915.04,2915.04,2915.04,3.8,0.001307,0,0,1,2915.04
1680480000000,2023-04-03 00:00:00,COOL/USDT,2915.04,2915.04,2915.04,2915.04,0,0,0,0,0,2922.2
1680393600000,2023-04-02 00:00:00,COOL/USDT,2915.04,2915.04,2915.04,2915.04,0,0,0,0,0,2922.2
1680307200000,2023-04-01 00:00:00,COOL/USDT,2915.04,2915.04,2915.04,2915.04,0,0,0,0,0,2922.2
1680220800000,2023-03-31 00:00:00,COOL/USDT,3096.61,3096.61,2915.04,2915.04,182.97,0.062621,0,0,11,2922.2
1680134400000,2023-03-30 00:00:00,COOL/USDT,3498.99,3498.99,3498.99,3498.99,0,0,0,0,0,3498.99
1680048000000,2023-03-29 00:00:00,COOL/USDT,3498.99,3498.99,3498.99,3498.99,0,0,0,0,0,3498.99
1679961600000,2023-03-28 00:00:00,COOL/USDT,3498.99,3498.99,3498.99,3498.99,37.9,0.010833,9.89,0.002829,2,3498.99
1679875200000,2023-03-27 00:00:00,COOL/USDT,3498.99,3498.99,3498.99,3498.99,0,0,0,0,0,3498.99
1679788800000,2023-03-26 00:00:00,COOL/USDT,3498.99,3498.99,3498.99,3498.99,0,0,0,0,0,3498.99
1679702400000,2023-03-25 00:00:00,COOL/USDT,3498.99,3498.99,3498.99,3498.99,0,0,0,0,0,3498.99
1679616000000,2023-03-24 00:00:00,COOL/USDT,3498.99,3498.99,3498.99,3498.99,0,0,0,0,0,3498.99
1679529600000,2023-03-23 00:00:00,COOL/USDT,3498.99,3498.99,3498.99,3498.99,0,0,0,0,0,3498.99
1679443200000,2023-03-22 00:00:00,COOL/USDT,3498.99,3498.99,3498.99,3498.99,0,0,0,0,0,3498.99
1679356800000,2023-03-21 00:00:00,COOL/USDT,3498.99,3498.99,3498.99,3498.99,0,0,0,0,0,3498.99
1679270400000,2023-03-20 00:00:00,COOL/USDT,3498.99,3498.99,3498.99,3498.99,0,0,0,0,0,3498.99
1679184000000,2023-03-19 00:00:00,COOL/USDT,3498.99,3498.99,3498.99,3498.99,0,0,0,0,0,3498.99
1679097600000,2023-03-18 00:00:00,COOL/USDT,3498.99,3498.99,3498.99,3498.99,0,0,0,0,0,3498.99
1679011200000,2023-03-17 00:00:00,COOL/USDT,3498.99,3498.99,3498.99,3498.99,0,0,0,0,0,3498.99
1678924800000,2023-03-16 00:00:00,COOL/USDT,3498.99,3498.99,3498.99,3498.99,0,0,0,0,0,3498.99
1678838400000,2023-03-15 00:00:00,COOL/USDT,3498.99,3498.99,3498.99,3498.99,0,0,0,0,0,3498.99
1678752000000,2023-03-14 00:00:00,COOL/USDT,3498.99,3498.99,3498.99,3498.99,1.59,0.000455,1.59,0.000455,1,3498.99
1678665600000,2023-03-13 00:00:00,COOL/USDT,3000,3000,3000,3000,0.28,0.000094,0,0,1,3000
1678579200000,2023-03-12 00:00:00,COOL/USDT,3000,3000,3000,3000,3.26,0.001089,0,0,1,3000
1678492800000,2023-03-11 00:00:00,COOL/USDT,3000,3000,2977.77,2977.77,2.69,0.000899,0,0,2,2992.81
1678406400000,2023-03-10 00:00:00,COOL/USDT,3000.02,3000.02,3000,3000,36.9,0.012303,0,0,6,3000
1678320000000,2023-03-09 00:00:00,COOL/USDT,3000,3000,3000,3000,0,0,0,0,0,3534.28
1678233600000,2023-03-08 00:00:00,COOL/USDT,3000,3000,3000,3000,0,0,0,0,0,3534.28
1678147200000,2023-03-07 00:00:00,COOL/USDT,3000,3000,3000,3000,0,0,0,0,0,3534.28
1678060800000,2023-03-06 00:00:00,COOL/USDT,3000,3000,3000,3000,0,0,0,0,0,3534.28
1677974400000,2023-03-05 00:00:00,COOL/USDT,3000,3999,3000,3000,5.34,0.001544,2.85,0.000715,3,3534.28
1677888000000,2023-03-04 00:00:00,COOL/USDT,3500,3500,3000,3000,33.29,0.011046,0,0,2,3016.5
1677801600000,2023-03-03 00:00:00,COOL/USDT,5203.37,5203.37,5203.37,5203.37,0,0,0,0,0,5203.37
1677715200000,2023-03-02 00:00:00,COOL/USDT,5203.37,5203.37,5203.37,5203.37,7.31,0.001405,7.31,0.001405,1,5203.37
1677628800000,2023-03-01 00:00:00,COOL/USDT,5203.37,5203.37,5203.37,5203.37,0,0,0,0,0,4779.84
1677542400000,2023-02-28 00:00:00,COOL/USDT,4399.56,5203.37,4399.56,5203.37,45.84,0.009658,45.84,0.009658,3,4779.84
1677456000000,2023-02-27 00:00:00,COOL/USDT,5255.94,5255.94,5255.94,5255.94,0,0,0,0,0,5064.62
1677369600000,2023-02-26 00:00:00,COOL/USDT,5255.94,5255.94,5255.94,5255.94,0,0,0,0,0,5064.62
1677283200000,2023-02-25 00:00:00,COOL/USDT,5255.94,5255.94,5255.94,5255.94,0,0,0,0,0,5064.62
1677196800000,2023-02-24 00:00:00,COOL/USDT,5255.94,5255.94,5255.94,5255.94,0,0,0,0,0,5064.62
1677110400000,2023-02-23 00:00:00,COOL/USDT,4444,5938.91,4444,5255.94,21.11,0.004236,16.37,0.003335,12,5064.62
1677024000000,2023-02-22 00:00:00,COOL/USDT,2915.04,2915.04,2915.04,2915.04,0,0,0,0,0,2915.04
1676937600000,2023-02-21 00:00:00,COOL/USDT,2915.04,2915.04,2915.04,2915.04,0,0,0,0,0,2915.04
1676851200000,2023-02-20 00:00:00,COOL/USDT,2915.04,2915.04,2915.04,2915.04,0,0,0,0,0,2915.04
1676764800000,2023-02-19 00:00:00,COOL/USDT,2915.04,2915.04,2915.04,2915.04,0,0,0,0,0,2915.04
1676678400000,2023-02-18 00:00:00,COOL/USDT,2915.04,2915.04,2915.04,2915.04,0.39,0.000134,0,0,1,2915.04
1676592000000,2023-02-17 00:00:00,COOL/USDT,2915.04,2915.04,2915.04,2915.04,0,0,0,0,0,2915.04
1676505600000,2023-02-16 00:00:00,COOL/USDT,2915.04,2915.04,2915.04,2915.04,0,0,0,0,0,2915.04
1676419200000,2023-02-15 00:00:00,COOL/USDT,2915.04,2915.04,2915.04,2915.04,0,0,0,0,0,2915.04
1676332800000,2023-02-14 00:00:00,COOL/USDT,2915.04,2915.04,2915.04,2915.04,0,0,0,0,0,2915.04
1676246400000,2023-02-13 00:00:00,COOL/USDT,2915.04,2915.04,2915.04,2915.04,0,0,0,0,0,2915.04
1676160000000,2023-02-12 00:00:00,COOL/USDT,2915.04,2915.04,2915.04,2915.04,6.41,0.0022,0,0,1,2915.04
1676073600000,2023-02-11 00:00:00,COOL/USDT,2915.04,2915.04,2915.04,2915.04,0,0,0,0,0,2915.041346686369052007
1675987200000,2023-02-10 00:00:00,COOL/USDT,2915.04,2915.04,2915.04,2915.04,0,0,0,0,0,2915.041346686369052007
1675900800000,2023-02-09 00:00:00,COOL/USDT,2915.04,2915.04,2915.04,2915.04,0,0,0,0,0,2915.041346686369052007
1675814400000,2023-02-08 00:00:00,COOL/USDT,2915.04,2915.04,2915.04,2915.04,0,0,0,0,0,2915.041346686369052007
1675728000000,2023-02-07 00:00:00,COOL/USDT,2915.04,2915.04,2915.04,2915.04,0,0,0,0,0,2915.041346686369052007
1675641600000,2023-02-06 00:00:00,COOL/USDT,2915.04,2915.04,2915.04,2915.04,0,0,0,0,0,2915.041346686369052007
1675555200000,2023-02-05 00:00:00,COOL/USDT,2915.04,2915.04,2915.04,2915.04,0,0,0,0,0,2915.041346686369052007
1675468800000,2023-02-04 00:00:00,COOL/USDT,2915.04,2915.05,2915.04,2915.04,7.42461031,0.002547,6.01373095,0.002063,3,2915.041346686369052007
1675382400000,2023-02-03 00:00:00,COOL/USDT,2915.04,2915.04,2915.04,2915.04,0.99985872,0.000343,0.99985872,0.000343,1,2915.04
1675296000000,2023-02-02 00:00:00,COOL/USDT,2602.31,2602.31,2602.31,2602.31,0,0,0,0,0,2602.31
1675209600000,2023-02-01 00:00:00,COOL/USDT,2602.31,2602.31,2602.31,2602.31,0,0,0,0,0,2602.31
1675123200000,2023-01-31 00:00:00,COOL/USDT,2602.31,2602.31,2602.31,2602.31,0.24461714,0.000094,0,0,1,2602.31
1675036800000,2023-01-30 00:00:00,COOL/USDT,2915.05,2915.05,2915.05,2915.05,0,0,0,0,0,2673.236783391424904671
1674950400000,2023-01-29 00:00:00,COOL/USDT,2915.05,2915.05,2915.05,2915.05,0,0,0,0,0,2673.236783391424904671
1674864000000,2023-01-28 00:00:00,COOL/USDT,2915.05,2915.05,2915.05,2915.05,0,0,0,0,0,2673.236783391424904671
1674777600000,2023-01-27 00:00:00,COOL/USDT,2915.05,2915.05,2915.05,2915.05,0,0,0,0,0,2673.236783391424904671
1674691200000,2023-01-26 00:00:00,COOL/USDT,2915.05,2915.05,2915.05,2915.05,0,0,0,0,0,2673.236783391424904671
1674604800000,2023-01-25 00:00:00,COOL/USDT,2915.05,2915.05,2915.05,2915.05,0,0,0,0,0,2673.236783391424904671
1674518400000,2023-01-24 00:00:00,COOL/USDT,2915.05,2915.05,2915.05,2915.05,0,0,0,0,0,2673.236783391424904671
1674432000000,2023-01-23 00:00:00,COOL/USDT,2915.05,2915.05,2915.05,2915.05,0,0,0,0,0,2673.236783391424904671
1674345600000,2023-01-22 00:00:00,COOL/USDT,2915.05,2915.05,2915.05,2915.05,0,0,0,0,0,2673.236783391424904671
1674259200000,2023-01-21 00:00:00,COOL/USDT,2915.05,2915.05,2915.05,2915.05,0,0,0,0,0,2673.236783391424904671
1674172800000,2023-01-20 00:00:00,COOL/USDT,2915.05,2915.05,2915.05,2915.05,0,0,0,0,0,2673.236783391424904671
1674086400000,2023-01-19 00:00:00,COOL/USDT,2915.05,2915.05,2915.05,2915.05,0,0,0,0,0,2673.236783391424904671
1674000000000,2023-01-18 00:00:00,COOL/USDT,2915.05,2915.05,2915.05,2915.05,0,0,0,0,0,2673.236783391424904671
1673913600000,2023-01-17 00:00:00,COOL/USDT,2600,2915.05,2600,2915.05,14.8370922,0.005558,14.8370922,0.005558,4,2673.236783391424904671
1673827200000,2023-01-16 00:00:00,COOL/USDT,2915.04,2915.04,2915.04,2915.04,0,0,0,0,0,2853.307419362878831785
1673740800000,2023-01-15 00:00:00,COOL/USDT,2200,2915.04,2200,2915.04,5.86092848,0.002067,5.35492848,0.001837,2,2853.307419362878831785
1673654400000,2023-01-14 00:00:00,COOL/USDT,3059.78,3059.78,3059.78,3059.78,1.99803634,0.000653,1.99803634,0.000653,1,3059.78
1673568000000,2023-01-13 00:00:00,COOL/USDT,2650,2650,2650,2650,0,0,0,0,0,2901.19343705763232717
1673481600000,2023-01-12 00:00:00,COOL/USDT,2650,2650,2650,2650,0,0,0,0,0,2901.19343705763232717
1673395200000,2023-01-11 00:00:00,COOL/USDT,3185.1,3185.1,2650,2650,9.9943023,0.003474,0,0,4,2901.19343705763232717
1673308800000,2023-01-10 00:00:00,COOL/USDT,3185.1,3598.98,3185.1,3185.11,15.83506068,0.004758,6.92950146,0.001962,4,3337.602727921280059154
1673222400000,2023-01-09 00:00:00,COOL/USDT,3598.98,3598.98,3598.98,3598.98,0,0,0,0,0,3598.98
1673136000000,2023-01-08 00:00:00,COOL/USDT,3598.98,3598.98,3598.98,3598.98,1.9974339,0.000555,1.9974339,0.000555,1,3598.98
1673049600000,2023-01-07 00:00:00,COOL/USDT,2977.16,2977.16,2977.16,2977.16,0,0,0,0,0,2977.16
1672963200000,2023-01-06 00:00:00,COOL/USDT,2977.16,2977.16,2977.16,2977.16,0,0,0,0,0,2977.16
1672876800000,2023-01-05 00:00:00,COOL/USDT,2977.16,2977.16,2977.16,2977.16,0,0,0,0,0,2977.16
1672790400000,2023-01-04 00:00:00,COOL/USDT,2977.16,2977.16,2977.16,2977.16,0,0,0,0,0,2977.16
1672704000000,2023-01-03 00:00:00,COOL/USDT,2977.16,2977.16,2977.16,2977.16,0,0,0,0,0,2977.16
1672617600000,2023-01-02 00:00:00,COOL/USDT,2977.16,2977.16,2977.16,2977.16,0,0,0,0,0,2977.16
1672531200000,2023-01-01 00:00:00,COOL/USDT,2977.16,2977.16,2977.16,2977.16,0,0,0,0,0,2977.16
1672444800000,2022-12-31 00:00:00,COOL/USDT,2977.16,2977.16,2977.16,2977.16,0,0,0,0,0,2977.16
1672358400000,2022-12-30 00:00:00,COOL/USDT,2977.16,2977.16,2977.16,2977.16,0,0,0,0,0,2977.16
1672272000000,2022-12-29 00:00:00,COOL/USDT,2977.16,2977.16,2977.16,2977.16,0,0,0,0,0,2977.16
1672185600000,2022-12-28 00:00:00,COOL/USDT,2977.16,2977.16,2977.16,2977.16,0,0,0,0,0,2977.16
1672099200000,2022-12-27 00:00:00,COOL/USDT,2977.16,2977.16,2977.16,2977.16,10.50044332,0.003527,0,0,1,2977.16
1672012800000,2022-12-26 00:00:00,COOL/USDT,2799,2799,2799,2799,0,0,0,0,0,2799
1671926400000,2022-12-25 00:00:00,COOL/USDT,2799,2799,2799,2799,0.181935,0.000065,0.181935,0.000065,1,2799
1671840000000,2022-12-24 00:00:00,COOL/USDT,2677.13,2677.13,2677.13,2677.13,0,0,0,0,0,2677.13
1671753600000,2022-12-23 00:00:00,COOL/USDT,2677.13,2677.13,2677.13,2677.13,4.78135418,0.001786,0,0,1,2677.13
1671667200000,2022-12-22 00:00:00,COOL/USDT,2799,2799,2799,2799,0,0,0,0,0,2795.214201818046169419
1671580800000,2022-12-21 00:00:00,COOL/USDT,2405.6,2799,2405.6,2799,4.999543,0.001789,4.999543,0.001789,2,2795.214201818046169419
1671494400000,2022-12-20 00:00:00,COOL/USDT,2405.6,2405.6,2405.6,2405.6,0,0,0,0,0,2390.079528552182013643
1671408000000,2022-12-19 00:00:00,COOL/USDT,2405.6,2405.6,2405.6,2405.6,0,0,0,0,0,2390.079528552182013643
1671321600000,2022-12-18 00:00:00,COOL/USDT,2405.6,2405.6,2405.6,2405.6,0,0,0,0,0,2390.079528552182013643
1671235200000,2022-12-17 00:00:00,COOL/USDT,2405.6,2405.6,2405.6,2405.6,0,0,0,0,0,2390.079528552182013643
1671148800000,2022-12-16 00:00:00,COOL/USDT,2000.02,2405.6,2000.02,2405.6,6.95116506,0.002912,6.6851624,0.002779,2,2390.079528552182013643
1671062400000,2022-12-15 00:00:00,COOL/USDT,2839.53,2839.53,2839.53,2839.53,0,0,0,0,0,2744.594836849472226881
1670976000000,2022-12-14 00:00:00,COOL/USDT,2839.53,2839.53,2839.53,2839.53,0,0,0,0,0,2744.594836849472226881
1670889600000,2022-12-13 00:00:00,COOL/USDT,2839.53,2839.53,2839.53,2839.53,0,0,0,0,0,2744.594836849472226881
1670803200000,2022-12-12 00:00:00,COOL/USDT,2700,2839.53,2628.45,2839.53,16.29718755,0.005945,7.88493255,0.002779,5,2744.594836849472226881
1670716800000,2022-12-11 00:00:00,COOL/USDT,2700,2700,2700,2700,0,0,0,0,0,2700
1670630400000,2022-12-10 00:00:00,COOL/USDT,2700,2700,2700,2700,0,0,0,0,0,2700
1670544000000,2022-12-09 00:00:00,COOL/USDT,2700,2700,2700,2700,0,0,0,0,0,2700
1670457600000,2022-12-08 00:00:00,COOL/USDT,2700,2700,2700,2700,0.0054,0.000002,0,0,1,2700
1670371200000,2022-12-07 00:00:00,COOL/USDT,2700,2700,2700,2700,0.3645,0.000135,0,0,1,2700
1670284800000,2022-12-06 00:00:00,COOL/USDT,2839.52,2839.52,2839.52,2839.52,0,0,0,0,0,2839.52
1670198400000,2022-12-05 00:00:00,COOL/USDT,2839.52,2839.52,2839.52,2839.52,0,0,0,0,0,2839.52
1670112000000,2022-12-04 00:00:00,COOL/USDT,2839.52,2839.52,2839.52,2839.52,0,0,0,0,0,2839.52
1670025600000,2022-12-03 00:00:00,COOL/USDT,2839.52,2839.52,2839.52,2839.52,0,0,0,0,0,2839.52
1669939200000,2022-12-02 00:00:00,COOL/USDT,2839.52,2839.52,2839.52,2839.52,0,0,0,0,0,2839.52
1669852800000,2022-12-01 00:00:00,COOL/USDT,2839.52,2839.52,2839.52,2839.52,0,0,0,0,0,2839.52
1669766400000,2022-11-30 00:00:00,COOL/USDT,2839.52,2839.52,2839.52,2839.52,0,0,0,0,0,2839.52
1669680000000,2022-11-29 00:00:00,COOL/USDT,2839.52,2839.52,2839.52,2839.52,10.01498704,0.003527,10.01498704,0.003527,1,2839.52
1669593600000,2022-11-28 00:00:00,COOL/USDT,2970,2970,2970,2970,4.07484,0.001372,0,0,2,2970
1669507200000,2022-11-27 00:00:00,COOL/USDT,3280.98,3280.98,2970,2970,10.21342824,0.003126,0,0,5,3268.500521042991143588
1669420800000,2022-11-26 00:00:00,COOL/USDT,3280.98,3280.98,3280.98,3280.98,0,0,0,0,0,3280.98
1669334400000,2022-11-25 00:00:00,COOL/USDT,3280.98,3280.98,3280.98,3280.98,6.23058102,0.001899,0,0,2,3280.98
1669248000000,2022-11-24 00:00:00,COOL/USDT,3280.98,3280.98,3280.98,3280.98,0.04265274,0.000013,0,0,1,3280.98
1669161600000,2022-11-23 00:00:00,COOL/USDT,3280.98,3280.98,3280.98,3280.98,0,0,0,0,0,3280.98
1669075200000,2022-11-22 00:00:00,COOL/USDT,3280.98,3280.98,3280.98,3280.98,0,0,0,0,0,3280.98
1668988800000,2022-11-21 00:00:00,COOL/USDT,3280.98,3280.98,3280.98,3280.98,1.18443378,0.000361,0,0,2,3280.98
1668902400000,2022-11-20 00:00:00,COOL/USDT,3707.32,3707.32,3280.98,3280.98,70.61251748,0.019625,8.77522644,0.002367,3,3607.716812330594731261
1668816000000,2022-11-19 00:00:00,COOL/USDT,3707.32,3707.32,3707.32,3707.32,0,0,0,0,0,3707.32
1668729600000,2022-11-18 00:00:00,COOL/USDT,3707.32,3707.32,3707.32,3707.32,0.99726908,0.000269,0.99726908,0.000269,1,3707.32
1668643200000,2022-11-17 00:00:00,COOL/USDT,2970,2970,2970,2970,0,0,0,0,0,2970
1668556800000,2022-11-16 00:00:00,COOL/USDT,2970,2970,2970,2970,0,0,0,0,0,2970
1668470400000,2022-11-15 00:00:00,COOL/USDT,2970,2970,2970,2970,0.35343,0.000119,0,0,1,2970
1668384000000,2022-11-14 00:00:00,COOL/USDT,3538.12,3538.12,2970,2970,12.53053773,0.004156,2.019,0.000673,5,3017.701647116807332735
1668297600000,2022-11-13 00:00:00,COOL/USDT,3538.11,3538.11,3538.11,3538.11,0,0,0,0,0,3568.37546409247650746
1668211200000,2022-11-12 00:00:00,COOL/USDT,3538.11,3538.11,3538.11,3538.11,0,0,0,0,0,3568.37546409247650746
1668124800000,2022-11-11 00:00:00,COOL/USDT,3538.11,3538.11,3538.11,3538.11,0,0,0,0,0,3568.37546409247650746
1668038400000,2022-11-10 00:00:00,COOL/USDT,3600.25,3600.25,3538.11,3538.11,49.91066344,0.013988,0,0,5,3568.37546409247650746
1667952000000,2022-11-09 00:00:00,COOL/USDT,3999.99,3999.99,3600.23,3600.23,8.14899425,0.002127,0,0,2,3841.390465532246510052
1667865600000,2022-11-08 00:00:00,COOL/USDT,3999.99,3999.99,3999.99,3999.99,3.7199907,0.00093,0,0,2,3999.99
1667779200000,2022-11-07 00:00:00,COOL/USDT,3999.99,3999.99,3999.99,3999.99,0,0,0,0,0,4000.036965969394397481
1667692800000,2022-11-06 00:00:00,COOL/USDT,3999.99,3999.99,3999.99,3999.99,0,0,0,0,0,4000.036965969394397481
1667606400000,2022-11-05 00:00:00,COOL/USDT,4000.4,4000.4,3999.99,3999.99,95.58088322,0.023895,0,0,10,4000.036965969394397481
1667520000000,2022-11-04 00:00:00,COOL/USDT,4000,4000,4000,4000,0,0,0,0,0,3999.997437479139426467
1667433600000,2022-11-03 00:00:00,COOL/USDT,3999.99,4000,3999.99,4000,19.5119875,0.004878,4.9999875,0.00125,3,3999.997437479139426467
1667347200000,2022-11-02 00:00:00,COOL/USDT,3800,3800,3600.2,3600.2,15.9359854,0.004295,0,0,2,3713.018898541410561282
1667260800000,2022-11-01 00:00:00,COOL/USDT,5678.02,5678.02,3600,4648.99,53.48850934,0.013025,21.00496452,0.004479,8,4169.60734500365494762
1667174400000,2022-10-31 00:00:00,COOL/USDT,5356.97,5735.37,5356.97,5735.37,12.42394012,0.002236,12.42394012,0.002236,6,5562.747794864645564631
1667088000000,2022-10-30 00:00:00,COOL/USDT,4999.89,5356.97,4999.89,5356.97,9.53259693,0.001841,4.91769846,0.000918,5,5184.101267820467890063
1667001600000,2022-10-29 00:00:00,COOL/USDT,4999.89,4999.9,4999.89,4999.9,3.68492112,0.000737,3.68492112,0.000737,2,4999.892971510282966382
1666915200000,2022-10-28 00:00:00,COOL/USDT,4999.9,4999.9,4999.89,4999.89,9.26981258,0.001854,9.26481268,0.001853,3,4999.898910465803613906
1666828800000,2022-10-27 00:00:00,COOL/USDT,5309.03,5309.03,5309.03,5309.03,0.63177457,0.000119,0,0,1,5309.03
1666742400000,2022-10-26 00:00:00,COOL/USDT,5356.96,5356.96,5356.96,5356.96,1.0981768,0.000205,1.0981768,0.000205,1,5356.96
1666656000000,2022-10-25 00:00:00,COOL/USDT,5309.03,5309.03,5309.03,5309.03,0,0,0,0,0,5344.041959015587160231
1666569600000,2022-10-24 00:00:00,COOL/USDT,5938.9,5938.9,5309.03,5309.03,29.2172784,0.00547,2.5536924,0.000448,6,5344.041959015587160231
1666483200000,2022-10-23 00:00:00,COOL/USDT,5998.9,5998.9,5998.9,5998.9,1.1877822,0.000198,1.1877822,0.000198,1,5998.9
1666396800000,2022-10-22 00:00:00,COOL/USDT,4999.9,4999.9,4999.9,4999.9,0,0,0,0,0,5000.268071057388365195
1666310400000,2022-10-21 00:00:00,COOL/USDT,4999.9,4999.9,4999.9,4999.9,0,0,0,0,0,5000.268071057388365195
1666224000000,2022-10-20 00:00:00,COOL/USDT,4999.9,4999.9,4999.9,4999.9,0,0,0,0,0,5000.268071057388365195
1666137600000,2022-10-19 00:00:00,COOL/USDT,4999.9,4999.9,4999.9,4999.9,0,0,0,0,0,5000.268071057388365195
1666051200000,2022-10-18 00:00:00,COOL/USDT,5000.5,5000.56,4999.9,4999.9,48.07257709,0.009614,0,0,7,5000.268071057388365195
1665964800000,2022-10-17 00:00:00,COOL/USDT,15999.99,15999.99,15999.99,15999.99,0,0,0,0,0,16663.633368063625097714
1665878400000,2022-10-16 00:00:00,COOL/USDT,15999.99,15999.99,15999.99,15999.99,0,0,0,0,0,16663.633368063625097714
1665792000000,2022-10-15 00:00:00,COOL/USDT,16999.96,16999.96,15999.99,15999.99,2.99699469,0.00018,2.99699469,0.00018,2,16663.633368063625097714
1665705600000,2022-10-14 00:00:00,COOL/USDT,5000,5000,5000,5000,0,0,0,0,0,5000
1665619200000,2022-10-13 00:00:00,COOL/USDT,5000,5000,5000,5000,0.24,0.000048,0,0,1,5000
1665532800000,2022-10-12 00:00:00,COOL/USDT,5000,5000,5000,5000,0,0,0,0,0,5000
1665446400000,2022-10-11 00:00:00,COOL/USDT,5000,5000,5000,5000,0.465,0.000093,0,0,1,5000
1665360000000,2022-10-10 00:00:00,COOL/USDT,5599.99,5599.99,5599.99,5599.99,1.01359819,0.000181,1.01359819,0.000181,1,5599.99
1665273600000,2022-10-09 00:00:00,COOL/USDT,30998.97,30998.97,30998.97,30998.97,0,0,0,0,0,30998.97
1665187200000,2022-10-08 00:00:00,COOL/USDT,30998.97,30998.97,30998.97,30998.97,1.51894953,0.000049,1.51894953,0.000049,1,30998.97
1665100800000,2022-10-07 00:00:00,COOL/USDT,3538.11,3538.11,3538.11,3538.11,0.33258234,0.000094,0,0,1,3538.11
1665014400000,2022-10-06 00:00:00,COOL/USDT,4938.14,4938.14,3538.11,3538.11,17.48288672,0.004123,0,0,3,4355.892066281648938122
1664928000000,2022-10-05 00:00:00,COOL/USDT,7538.11,34997,4938.14,4938.18,84.51291641,0.005563,74.30077317,0.003495,5,27078.408271399894765505
1664841600000,2022-10-04 00:00:00,COOL/USDT,3538.11,3538.11,3538.11,3538.11,0,0,0,0,0,3538.11
1664755200000,2022-10-03 00:00:00,COOL/USDT,3538.11,3538.11,3538.11,3538.11,16.66803621,0.004711,0,0,2,3538.11
1664668800000,2022-10-02 00:00:00,COOL/USDT,3538.11,3538.11,3538.11,3538.11,0,0,0,0,0,3504.493509454338019392
1664582400000,2022-10-01 00:00:00,COOL/USDT,2970.01,3538.11,2970.01,3538.11,10.13868658,0.002898,0,0,2,3504.493509454338019392
1664496000000,2022-09-30 00:00:00,COOL/USDT,2969.88,7538.1,2969.88,7538.1,7.5070044,0.002217,1.5226962,0.000202,2,3896.482791755923308104
1664409600000,2022-09-29 00:00:00,COOL/USDT,2000.31,6538.1,2000.31,6538.1,5.20314064,0.000868,4.9951084,0.000764,3,6356.669843933797645723
1664323200000,2022-09-28 00:00:00,COOL/USDT,2000.3,6538.1,2000.29,6538.1,22.52544872,0.008414,8.20531239,0.001255,4,3653.275882941025824766
1664236800000,2022-09-27 00:00:00,COOL/USDT,7538.11,7538.11,7538.11,7538.11,0,0,0,0,0,7250.149428720109953905
1664150400000,2022-09-26 00:00:00,COOL/USDT,7462.72,7538.11,2000,7538.11,19.45475588,0.002827,15.77886084,0.002169,4,7250.149428720109953905
1664064000000,2022-09-25 00:00:00,COOL/USDT,7462.72,7462.72,7462.72,7462.72,0,0,0,0,0,7462.72
1663977600000,2022-09-24 00:00:00,COOL/USDT,7462.72,7462.72,7462.72,7462.72,0,0,0,0,0,7462.72
1663891200000,2022-09-23 00:00:00,COOL/USDT,7462.72,7462.72,7462.72,7462.72,0.08955264,0.000012,0.08955264,0.000012,1,7462.72
1663804800000,2022-09-22 00:00:00,COOL/USDT,7462.72,7462.72,7462.72,7462.72,0,0,0,0,0,7462.72
1663718400000,2022-09-21 00:00:00,COOL/USDT,7462.72,7462.72,7462.72,7462.72,1.0074672,0.000135,1.0074672,0.000135,1,7462.72
1663632000000,2022-09-20 00:00:00,COOL/USDT,7462.73,7462.73,7462.73,7462.73,1.09702131,0.000147,1.09702131,0.000147,1,7462.73
1663545600000,2022-09-19 00:00:00,COOL/USDT,786.07,786.07,786.07,786.07,0,0,0,0,0,786.07
1663459200000,2022-09-18 00:00:00,COOL/USDT,786.07,786.07,786.07,786.07,0,0,0,0,0,786.07
1663372800000,2022-09-17 00:00:00,COOL/USDT,786.07,786.07,786.07,786.07,0,0,0,0,0,786.07
1663286400000,2022-09-16 00:00:00,COOL/USDT,786.07,786.07,786.07,786.07,0.07389058,0.000094,0,0,1,786.07
1663200000000,2022-09-15 00:00:00,COOL/USDT,113.29,113.29,113.29,113.29,0,0,0,0,0,113.29
1663113600000,2022-09-14 00:00:00,COOL/USDT,113.29,113.29,113.29,113.29,0,0,0,0,0,113.29
1663027200000,2022-09-13 00:00:00,COOL/USDT,113.29,113.29,113.29,113.29,0,0,0,0,0,113.29
1662940800000,2022-09-12 00:00:00,COOL/USDT,113.29,113.29,113.29,113.29,0,0,0,0,0,113.29
1662854400000,2022-09-11 00:00:00,COOL/USDT,113.29,113.29,113.29,113.29,0,0,0,0,0,113.29
1662768000000,2022-09-10 00:00:00,COOL/USDT,113.29,113.29,113.29,113.29,0,0,0,0,0,113.29
1662681600000,2022-09-09 00:00:00,COOL/USDT,113.29,113.29,113.29,113.29,0.01676692,0.000148,0,0,1,113.29
1662595200000,2022-09-08 00:00:00,COOL/USDT,7462.73,7462.73,7462.73,7462.73,0,0,0,0,0,7462.73
1662508800000,2022-09-07 00:00:00,COOL/USDT,7462.73,7462.73,7462.73,7462.73,1.00746855,0.000135,0,0,1,7462.73
1662422400000,2022-09-06 00:00:00,COOL/USDT,7462.73,7462.73,7462.73,7462.73,0,0,0,0,0,7462.73
1662336000000,2022-09-05 00:00:00,COOL/USDT,7462.73,7462.73,7462.73,7462.73,0,0,0,0,0,7462.73
1662249600000,2022-09-04 00:00:00,COOL/USDT,7462.73,7462.73,7462.73,7462.73,0,0,0,0,0,7462.73
1662163200000,2022-09-03 00:00:00,COOL/USDT,7462.73,7462.73,7462.73,7462.73,28.41807584,0.003808,0,0,5,7462.73
1662076800000,2022-09-02 00:00:00,COOL/USDT,7462.73,7462.73,7462.73,7462.73,0,0,0,0,0,7497.17695597796351699
1661990400000,2022-09-01 00:00:00,COOL/USDT,7462.73,7462.73,7462.73,7462.73,0,0,0,0,0,7497.17695597796351699
1661904000000,2022-08-31 00:00:00,COOL/USDT,7462.73,7462.73,7462.73,7462.73,0,0,0,0,0,7497.17695597796351699
1661817600000,2022-08-30 00:00:00,COOL/USDT,7462.73,7462.73,7462.73,7462.73,0,0,0,0,0,7497.17695597796351699
1661731200000,2022-08-29 00:00:00,COOL/USDT,7538.1,7538.1,7462.73,7462.73,2.39153952,0.000319,1.0930245,0.000145,2,7497.17695597796351699
1661644800000,2022-08-28 00:00:00,COOL/USDT,7462.73,7462.73,7462.73,7462.73,0,0,0,0,0,7502.454079343590949524
1661558400000,2022-08-27 00:00:00,COOL/USDT,7462.73,7462.73,7462.73,7462.73,0,0,0,0,0,7502.454079343590949524
1661472000000,2022-08-26 00:00:00,COOL/USDT,7462.73,7462.73,7462.73,7462.73,0,0,0,0,0,7502.454079343590949524
1661385600000,2022-08-25 00:00:00,COOL/USDT,7538.1,7538.1,7462.73,7462.73,20.78127471,0.00277,10.9528593,0.001453,12,7502.454079343590949524
1661299200000,2022-08-24 00:00:00,COOL/USDT,7462.73,7462.73,7462.73,7462.73,0,0,0,0,0,7462.73
1661212800000,2022-08-23 00:00:00,COOL/USDT,7462.73,7462.73,7462.73,7462.73,0,0,0,0,0,7462.73
1661126400000,2022-08-22 00:00:00,COOL/USDT,7462.73,7462.73,7462.73,7462.73,0,0,0,0,0,7462.73
1661040000000,2022-08-21 00:00:00,COOL/USDT,7462.73,7462.73,7462.73,7462.73,0,0,0,0,0,7462.73
1660953600000,2022-08-20 00:00:00,COOL/USDT,7462.73,7462.73,7462.73,7462.73,0,0,0,0,0,7462.73
1660867200000,2022-08-19 00:00:00,COOL/USDT,7462.73,7462.73,7462.73,7462.73,0.26865828,0.000036,0,0,1,7462.73
1660780800000,2022-08-18 00:00:00,COOL/USDT,7462.73,7462.73,7462.73,7462.73,54.08986704,0.007248,0,0,3,7462.73
1660694400000,2022-08-17 00:00:00,COOL/USDT,7462.73,7462.73,7462.73,7462.73,0,0,0,0,0,7462.73
1660608000000,2022-08-16 00:00:00,COOL/USDT,7462.73,7462.73,7462.73,7462.73,0,0,0,0,0,7462.73
1660521600000,2022-08-15 00:00:00,COOL/USDT,7462.73,7462.73,7462.73,7462.73,0,0,0,0,0,7462.73
1660435200000,2022-08-14 00:00:00,COOL/USDT,7462.73,7462.73,7462.73,7462.73,8.09706205,0.001085,8.09706205,0.001085,1,7462.73
1660348800000,2022-08-13 00:00:00,COOL/USDT,7462.73,7462.73,7462.73,7462.73,17.88816381,0.002397,17.88816381,0.002397,2,7462.73
1660262400000,2022-08-12 00:00:00,COOL/USDT,7462.73,7462.73,7462.73,7462.73,0,0,0,0,0,7499.391520092496619337
1660176000000,2022-08-11 00:00:00,COOL/USDT,7538.11,7538.11,7462.73,7462.73,28.7819384,0.003838,28.7819384,0.003838,3,7499.391520092496619337
1660089600000,2022-08-10 00:00:00,COOL/USDT,7614.24879127,7614.24879127,7614.24879127,7614.24879127,0,0,0,0,0,7614.24879127
1660003200000,2022-08-09 00:00:00,COOL/USDT,7614.24879127,7614.24879127,7614.24879127,7614.24879127,0,0,0,0,0,7614.24879127
1659916800000,2022-08-08 00:00:00,COOL/USDT,7614.24879127,7614.24879127,7614.24879127,7614.24879127,0,0,0,0,0,7614.24879127
1659830400000,2022-08-07 00:00:00,COOL/USDT,7614.24879127,7614.24879127,7614.24879127,7614.24879127,0,0,0,0,0,7614.24879127
1659744000000,2022-08-06 00:00:00,COOL/USDT,7614.24879127,7614.24879127,7614.24879127,7614.24879127,0,0,0,0,0,7614.24879127
1659657600000,2022-08-05 00:00:00,COOL/USDT,7614.24879127,7614.24879127,7614.24879127,7614.24879127,0,0,0,0,0,7614.24879127
1659571200000,2022-08-04 00:00:00,COOL/USDT,7614.24879127,7614.24879127,7614.24879127,7614.24879127,0,0,0,0,0,7614.24879127
1659484800000,2022-08-03 00:00:00,COOL/USDT,7614.24879127,7614.24879127,7614.24879127,7614.24879127,0,0,0,0,0,7614.24879127
1659398400000,2022-08-02 00:00:00,COOL/USDT,7614.24879127,7614.24879127,7614.24879127,7614.24879127,0,0,0,0,0,7614.24879127
1659312000000,2022-08-01 00:00:00,COOL/USDT,7614.24879127,7614.24879127,7614.24879127,7614.24879127,0,0,0,0,0,7614.24879127
1659225600000,2022-07-31 00:00:00,COOL/USDT,7614.24879127,7614.24879127,7614.24879127,7614.24879127,58.54755794,0.00768921,0,0,0,7614.24879127
1659139200000,2022-07-30 00:00:00,COOL/USDT,7614.19996314,7614.24879127,7614.19996314,7614.24879127,48.67328776,0.00639241,0,0,0,7614.23121556
1659052800000,2022-07-29 00:00:00,COOL/USDT,7614.19996314,7614.19996314,7614.19996314,7614.19996314,63.5113363,0.00834117,0,0,0,7614.19996314
1658966400000,2022-07-28 00:00:00,COOL/USDT,7614.10230689,7614.24879127,7614.10230689,7614.19996314,86.25750182,0.01132851,0,0,0,7614.19655588
1658880000000,2022-07-27 00:00:00,COOL/USDT,7613.51636939,7613.90699439,7613.51636939,7613.90699439,55.17509554,0.00724692,0,0,0,7613.59247068
1658793600000,2022-07-26 00:00:00,COOL/USDT,7612.73511939,7613.51636939,7612.73511939,7613.51636939,58.4681457,0.0076798,0,0,0,7613.23806624
1658707200000,2022-07-25 00:00:00,COOL/USDT,7589.29761939,7612.73511939,7589.29761939,7612.73511939,152.69467256,0.02006889,0,0,0,7608.52606046
1658620800000,2022-07-24 00:00:00,COOL/USDT,7290.64707576,7609.38691701,7290.64707576,7589.29761939,98.56635309,0.0132437,0,0,0,7442.50874687
1658534400000,2022-07-23 00:00:00,COOL/USDT,7255.49891084,7289.13310753,7255.49891084,7273.0729933,139.82703617,0.01925302,0,0,0,7262.6027591
1658448000000,2022-07-22 00:00:00,COOL/USDT,7253.39925885,7255.49891084,7253.39925885,7255.49891084,32.63186178,0.0044976,0,0,0,7255.39438574
1658361600000,2022-07-21 00:00:00,COOL/USDT,7246.40041888,7249.19995487,7240.80134691,7249.19995487,94.95602793,0.01310428,0,0,0,7246.18429479
1658275200000,2022-07-20 00:00:00,COOL/USDT,7095.18914252,7375.57281037,7074.35971311,7246.40041888,109.33833756,0.01525246,0,0,0,7168.57068101
1658188800000,2022-07-19 00:00:00,COOL/USDT,6949.06581843,9701.999926,6392.33978802,7095.18914252,404.98093252,0.05677079,0,0,0,7133.61453174
1658102400000,2022-07-18 00:00:00,COOL/USDT,6170.14394903,6986.13299999,6148.11543929,6986.13299999,120.70295,0.01848548,0,0,0,6529.60864425
1658016000000,2022-07-17 00:00:00,COOL/USDT,5902.933348,7056.69999999,5902.933348,6170.14394903,125.33112452,0.0209947,0,0,0,5969.65541443
1657929600000,2022-07-16 00:00:00,COOL/USDT,5867.35169601,5902.933348,5831.77004401,5902.933348,201.681377,0.03435558,0,0,0,5870.41106572
1657843200000,2022-07-15 00:00:00,COOL/USDT,5867.35169601,5938.515,5867.35169601,5867.35169601,65.36406105,0.01112779,0,0,0,5873.94811136
1657756800000,2022-07-14 00:00:00,COOL/USDT,5936.83013632,5938.515,4997.99999999,5867.35169601,229.14035107,0.03906814,0,0,0,5865.14615426
1657670400000,2022-07-13 00:00:00,COOL/USDT,5936.83013632,5936.83013632,5936.83013632,5936.83013632,53.21756723,0.00896397,0,0,0,5936.83013632
1657584000000,2022-07-12 00:00:00,COOL/USDT,5936.83013632,5936.83013632,5936.83013632,5936.83013632,54.64703719,0.00920475,0,0,0,5936.83013632
1657497600000,2022-07-11 00:00:00,COOL/USDT,5936.83013632,5936.83013632,5936.83013632,5936.83013632,105.65461941,0.01779647,0,0,0,5936.83013632
1657411200000,2022-07-10 00:00:00,COOL/USDT,5935.14527263,5936.83013632,5935.14527263,5936.83013632,144.76529554,0.02438505,0,0,0,5936.64132522
1657324800000,2022-07-09 00:00:00,COOL/USDT,5935.14527263,5935.14527264,5933.46040895,5935.14527263,148.48122771,0.02501737,0,0,0,5935.12538349
1657238400000,2022-07-08 00:00:00,COOL/USDT,5931.77554526,5935.14527263,5931.77554526,5935.14527263,56.58690471,0.00953474,0,0,0,5934.81360961
1657152000000,2022-07-07 00:00:00,COOL/USDT,5925.03609053,5937.70058137,5925.03609053,5931.77554526,142.06508697,0.02397128,0,0,0,5926.47063361
1657065600000,2022-07-06 00:00:00,COOL/USDT,5830.68372425,5925.03609053,5830.68372425,5925.03609053,111.46603752,0.01892771,0,0,0,5889.0398008
1656979200000,2022-07-05 00:00:00,COOL/USDT,4998,5998.5,4997.99999999,5830.68372425,106.68122252,0.01958461,0,0,0,5447.19667772
1656892800000,2022-07-04 00:00:00,COOL/USDT,4997.99999999,4997.99999999,4997.99999999,4997.99999999,0,0,0,0,0,4997.99999999
1656806400000,2022-07-03 00:00:00,COOL/USDT,4997.99999999,4997.99999999,4997.99999999,4997.99999999,0,0,0,0,0,4997.99999999
1656720000000,2022-07-02 00:00:00,COOL/USDT,4997.99999999,4997.99999999,4997.99999999,4997.99999999,0,0,0,0,0,4997.99999999
1656633600000,2022-07-01 00:00:00,COOL/USDT,4997.99999999,4997.99999999,4997.99999999,4997.99999999,0,0,0,0,0,4997.99999999
1656547200000,2022-06-30 00:00:00,COOL/USDT,4997.99999999,4997.99999999,4997.99999999,4997.99999999,0,0,0,0,0,4997.99999999
1656460800000,2022-06-29 00:00:00,COOL/USDT,4997.99999999,4997.99999999,4997.99999999,4997.99999999,0,0,0,0,0,4997.99999999
1656374400000,2022-06-28 00:00:00,COOL/USDT,4997.99999999,4997.99999999,4997.99999999,4997.99999999,1.00999583,0.00020208,0,0,0,4997.99999999
1656288000000,2022-06-27 00:00:00,COOL/USDT,4998,4998,4998,4998,1.00999584,0.00020208,0,0,0,4998
1656201600000,2022-06-26 00:00:00,COOL/USDT,4998,4998,4998,4998,0,0,0,0,0,4998
1656115200000,2022-06-25 00:00:00,COOL/USDT,4998,4998,4998,4998,0,0,0,0,0,4998
1656028800000,2022-06-24 00:00:00,COOL/USDT,4998,4998,4998,4998,2.48940384,0.00049808,0,0,0,4998
1655942400000,2022-06-23 00:00:00,COOL/USDT,4998,4999,4998,4999,10.09817887,0.0020204,0,0,0,4998.10872599
1655856000000,2022-06-22 00:00:00,COOL/USDT,4999,4999,4999,4999,7.06998572,0.00141428,0,0,0,4999
1655769600000,2022-06-21 00:00:00,COOL/USDT,4999,4999,4999,4999,0,0,0,0,0,4999
1655683200000,2022-06-20 00:00:00,COOL/USDT,4999,4999,4999,4999,0,0,0,0,0,4999
1655596800000,2022-06-19 00:00:00,COOL/USDT,4999,4999,4999,4999,1.01004795,0.00020205,0,0,0,4999
1655510400000,2022-06-18 00:00:00,COOL/USDT,2102,2102,2102,2102,6.78243932,0.00322666,0,0,0,2102
1655424000000,2022-06-17 00:00:00,COOL/USDT,4999,4999,4999,4999,1.00004995,0.00020005,0,0,0,4999
1655337600000,2022-06-16 00:00:00,COOL/USDT,4999,4999,4998.9999999,4999,0,0,0,0,0,4998.99999995
1655251200000,2022-06-15 00:00:00,COOL/USDT,4999,4999,4998.9999999,4999,4.03999183,0.00080816,0,0,0,4998.99999995
1655164800000,2022-06-14 00:00:00,COOL/USDT,7603.36780486,7627.5032317,1200,4999,326.66010706,0.04949782,0,0,0,6599.4847261
1655078400000,2022-06-13 00:00:00,COOL/USDT,7603.36780486,7628.75161584,7577.09972176,7603.36780486,363.15600459,0.04778037,0,0,0,7600.5272583
1654992000000,2022-06-12 00:00:00,COOL/USDT,7576.73560974,7626.67097561,7536.78731703,7603.36780486,288.45716472,0.03796503,0,0,0,7597.9701511
1654905600000,2022-06-11 00:00:00,COOL/USDT,7576.73560973,7629.73504346,7525.13573166,7576.73560973,302.26242173,0.0398871,0,0,0,7577.94930522
1654819200000,2022-06-10 00:00:00,COOL/USDT,7590.05170729,7627.89023466,7526.80024385,7576.73560972,423.80755708,0.05592482,0,0,0,7578.16577835
1654732800000,2022-06-09 00:00:00,COOL/USDT,7576.73560972,7627.60726371,7525.13573166,7610.02585364,574.23625036,0.07578475,0,0,0,7577.20056296
1654646400000,2022-06-08 00:00:00,COOL/USDT,7523.47121946,7629.99999999,7450.23268284,7576.73560972,175.99206245,0.02327592,0,0,0,7561.12164234
1654560000000,2022-06-07 00:00:00,COOL/USDT,7523.47121946,7629.1677439,7418.60695111,7523.47121946,307.65927783,0.04092398,0,0,0,7517.82397095
1654473600000,2022-06-06 00:00:00,COOL/USDT,7203.88487785,7629.99999999,6804.40195084,7470.20682919,346.75981308,0.0464963,0,0,0,7457.79369717
1654387200000,2022-06-05 00:00:00,COOL/USDT,7204.53806175,7611.30160345,6791.5230312,7203.88487785,482.72888819,0.06715905,0,0,0,7187.84569155
1654300800000,2022-06-04 00:00:00,COOL/USDT,7603.37542523,7627.81499997,6819.44634809,7204.53806175,489.36402326,0.06726846,0,0,0,7274.79153324
1654214400000,2022-06-03 00:00:00,COOL/USDT,7603.37542523,7628.03321046,7576.75374559,7613.41310771,392.61151883,0.05163981,0,0,0,7602.88465116
1654128000000,2022-06-02 00:00:00,COOL/USDT,7603.37542523,7627.81499997,7578.62553059,7603.37542523,377.59637725,0.04967014,0,0,0,7602.07998726
1654041600000,2022-06-01 00:00:00,COOL/USDT,7603.37542523,7628.25142095,7578.93585048,7617.34089651,467.85974536,0.06151203,0,0,0,7605.987729
1653955200000,2022-05-31 00:00:00,COOL/USDT,7603.37542523,7630.81539419,7577.19016657,7603.37542523,349.37001754,0.04594817,0,0,0,7603.56761868
1653868800000,2022-05-30 00:00:00,COOL/USDT,6990.48301623,7790.6504767,6192.80828928,7582.4272183,463.80751491,0.06549226,0,0,0,7081.86761171
1653782400000,2022-05-29 00:00:00,COOL/USDT,6569.81498708,6932.78359173,6220.28966407,6220.28966407,67.25961957,0.01017016,0,0,0,6613.42786847
1653696000000,2022-05-28 00:00:00,COOL/USDT,6569.81498708,6973.11343669,6193.40310077,6354.72248061,117.73334285,0.01784801,0,0,0,6596.44088343
1653609600000,2022-05-27 00:00:00,COOL/USDT,6569.81498708,6569.81498709,6569.81498708,6569.81498709,12.74951436,0.00194062,0,0,0,6569.81498708
1653523200000,2022-05-26 00:00:00,COOL/USDT,6569.81498708,6784.90749355,6354.72248061,6569.81498708,31.23732394,0.00475186,0,0,0,6573.70460063
1653436800000,2022-05-25 00:00:00,COOL/USDT,7183.22845188,9999.9999,4770.76992281,6180.99391771,160.05281049,0.02471099,0,0,0,6476.98900336
1653350400000,2022-05-24 00:00:00,COOL/USDT,4285.80257271,9082.7706338,4285.80257271,6366.45690375,450.11359652,0.06684646,0,0,0,6733.54425242
1653264000000,2022-05-23 00:00:00,COOL/USDT,8842.50230985,9685.00461959,8000,8165.54136765,213.73566289,0.02513518,0,0,0,8503.44667898
1653177600000,2022-05-22 00:00:00,COOL/USDT,8387.49316098,9263.75346473,8000.00000011,8842.50230986,221.51371644,0.02629614,0,0,0,8423.81111612
1653091200000,2022-05-21 00:00:00,COOL/USDT,9393.83991864,9393.83991864,8386.91405854,8387.52673213,389.87587902,0.04594844,0,0,0,8485.07324792
1653004800000,2022-05-20 00:00:00,COOL/USDT,11554.37665225,11554.37665225,8000,9393.83991864,674.56256802,0.06558294,0,0,0,10285.64086983
1652918400000,2022-05-19 00:00:00,COOL/USDT,12550,12550,8544.1127282,11554.37665225,900.82848677,0.08451087,0,0,0,10659.32094622
1652832000000,2022-05-18 00:00:00,COOL/USDT,15999.25,16999.125,8000,8000,585.67441944,0.06459523,0,0,0,9066.83696987
1652745600000,2022-05-17 00:00:00,COOL/USDT,17999,17999,13499.5625,13999.5,63.57911195,0.00366381,0,0,0,17353.27758603
1652659200000,2022-05-16 00:00:00,COOL/USDT,26905.295165,26905.295165,8000,17999,373.51683989,0.02581399,0,0,0,14469.55080916
1652572800000,2022-05-15 00:00:00,COOL/USDT,26905.2951675,26981.25332341,26806.07379188,26981.25332341,21.12531152,0.00078559,0,0,0,26891.01379554
1652486400000,2022-05-14 00:00:00,COOL/USDT,26905.2951675,27017.95277108,26773,26781.26844797,86.50269634,0.00322068,0,0,0,26858.51942724
1652400000000,2022-05-13 00:00:00,COOL/USDT,26933.84411039,26981.2533234,26772,26981.2533234,38.9462587,0.00144898,0,0,0,26878.39632518
1652313600000,2022-05-12 00:00:00,COOL/USDT,26971.19275125,27037.590335,26791.74639429,26830.09788578,185.10855341,0.0068685,0,0,0,26950.36083722
1652227200000,2022-05-11 00:00:00,COOL/USDT,26830.45114787,27037.590335,26801.22557394,26904.7951675,69.98384553,0.00260045,0,0,0,26912.20578696
1652140800000,2022-05-10 00:00:00,COOL/USDT,26828.39169571,26859.67672181,26772,26830.45114787,29.20706828,0.00108911,0,0,0,26817.37224461
1652054400000,2022-05-09 00:00:00,COOL/USDT,26808.22149571,26873.77464574,26767.88109569,26771.30800401,64.58076663,0.00240933,0,0,0,26804.4504634
1651968000000,2022-05-08 00:00:00,COOL/USDT,26808.22149571,26828.39169571,26767.88109569,26828.39169571,42.19098272,0.00157381,0,0,0,26808.18061216
1651881600000,2022-05-07 00:00:00,COOL/USDT,26869.5956771,26886.48896842,26716.01486709,26808.22149571,174.36195997,0.00650172,0,0,0,26817.82051136
1651795200000,2022-05-06 00:00:00,COOL/USDT,26796.69566713,26886.48896841,26727.54069567,26869.5956771,212.29617335,0.00791299,0,0,0,26828.81860781
1651708800000,2022-05-05 00:00:00,COOL/USDT,26842.79898144,26842.79898144,26750.59235282,26796.69566713,34.87462098,0.00130081,0,0,0,26809.92687637
1651622400000,2022-05-04 00:00:00,COOL/USDT,26704.48903851,26842.79898144,26543.12743852,26796.69566713,56.52093675,0.0021167,0,0,0,26702.38425569
1651536000000,2022-05-03 00:00:00,COOL/USDT,26704.48903851,26796.69566708,26658.38572423,26658.38572423,11.82518532,0.00044246,0,0,0,26725.9985697
1651449600000,2022-05-02 00:00:00,COOL/USDT,26704.48903851,26796.69566707,26585.57792089,26704.48903851,95.24608717,0.00357027,0,0,0,26677.55860843
1651363200000,2022-05-01 00:00:00,COOL/USDT,26830.13296073,27011.98421442,26523.67760281,26527.27942423,1456.42664574,0.0544883,0,0,0,26729.16287987
1651276800000,2022-04-30 00:00:00,COOL/USDT,26830.13296078,27024.62424891,26629.1586297,26648.60775851,983.58818326,0.03668404,0,0,0,26812.42805493
1651190400000,2022-04-29 00:00:00,COOL/USDT,26622.67558668,27024.62424891,26622.67558663,26830.13296083,619.78130372,0.02311227,0,0,0,26816.11558389
1651104000000,2022-04-28 00:00:00,COOL/USDT,26778.83305818,27025.46108746,26557.06910385,26778.83305809,411.21889934,0.01535832,0,0,0,26774.99227398
1651017600000,2022-04-27 00:00:00,COOL/USDT,26778.83305804,27035.56879346,26524.11886383,26778.83305817,2805.98870693,0.10482616,0,0,0,26768.01961399
1650931200000,2022-04-26 00:00:00,COOL/USDT,26597.08789068,27021.9233903,26522.09732261,26571.37568402,1759.66484442,0.065782,0,0,0,26749.94442899
1650844800000,2022-04-25 00:00:00,COOL/USDT,26597.08789065,26671.12275825,26529.70229504,26597.08789069,580.90567156,0.02184357,0,0,0,26593.89795561
1650758400000,2022-04-24 00:00:00,COOL/USDT,26597.08789065,26662.19103319,26531.98474811,26662.19103319,77.15646844,0.00289823,0,0,0,26621.9273285
1650672000000,2022-04-23 00:00:00,COOL/USDT,26531.98474812,26662.19103317,26520.07578128,26520.07578128,98.51638849,0.00371162,0,0,0,26542.69254238
1650585600000,2022-04-22 00:00:00,COOL/USDT,26654.84697264,26662.19103317,26520.07578128,26520.07578128,169.46512057,0.00637621,0,0,0,26577.71945642
1650499200000,2022-04-21 00:00:00,COOL/USDT,26635.59394526,26669.28674309,26635.59394526,26644.01714481,123.90686187,0.00464904,0,0,0,26652.13933965
1650412800000,2022-04-20 00:00:00,COOL/USDT,26416.54359604,26701.82094877,26416.54359604,26597.0878906,60.80015782,0.00229045,0,0,0,26545.07097802
1650326400000,2022-04-19 00:00:00,COOL/USDT,26539.78605456,26606.94302724,26373.59249505,26426.37902236,187.62760007,0.00708611,0,0,0,26478.22290052
1650240000000,2022-04-18 00:00:00,COOL/USDT,26539.78605456,26539.78605456,26539.7860545,26539.7860545,41.7051506,0.00157142,0,0,0,26539.78605453
1650153600000,2022-04-17 00:00:00,COOL/USDT,26539.78605456,27310.69730814,26522.9968114,26539.78605451,133.72656892,0.00501142,0,0,0,26684.36669158
1650067200000,2022-04-16 00:00:00,COOL/USDT,26539.78605456,26539.78605456,26539.78605456,26539.78605456,1.83894177,0.00006929,0,0,0,26539.78605456
1649980800000,2022-04-15 00:00:00,COOL/USDT,26539.78605456,26539.78605456,26539.78605456,26539.78605456,4.05501391,0.00015279,0,0,0,26539.78605456
1649894400000,2022-04-14 00:00:00,COOL/USDT,26667.32455413,26673.67653456,26405.47210912,26539.78605456,458.36078787,0.01726358,0,0,0,26550.73790442
1649808000000,2022-04-13 00:00:00,COOL/USDT,26477.49999994,34194.99999999,26409.99999992,26660.54910826,215.65186342,0.00802338,0,0,0,26877.93217085
1649721600000,2022-04-12 00:00:00,COOL/USDT,26500,26500,26454.99999998,26500,57.72014564,0.00217941,0,0,0,26484.29880103
1649635200000,2022-04-11 00:00:00,COOL/USDT,26410,26500,26409.99999998,26500,289.58244329,0.01096113,0,0,0,26419.03191549
1649548800000,2022-04-10 00:00:00,COOL/USDT,26410,26410,26409.99999999,26409.99999999,49.71154299,0.0018823,0,0,0,26409.99999999
1649462400000,2022-04-09 00:00:00,COOL/USDT,26409.99999971,26409.99999999,26409.99999956,26409.99999999,117.51235139,0.00444954,0,0,0,26409.99999975
1649376000000,2022-04-08 00:00:00,COOL/USDT,26409.99999971,26409.99999971,26409.99999971,26409.99999971,24.87214569,0.00094177,0,0,0,26409.99999971
1649289600000,2022-04-07 00:00:00,COOL/USDT,26409.99999972,26409.99999998,26409.99999953,26409.99999953,173.60085299,0.0065733,0,0,0,26409.99999964
1649203200000,2022-04-06 00:00:00,COOL/USDT,26409.99999942,26409.99999971,26409.99999942,26409.99999968,95.75156779,0.00362558,0,0,0,26409.99999967
1649116800000,2022-04-05 00:00:00,COOL/USDT,26409.99999777,26409.99999937,26409.99999777,26409.99999937,23.60578619,0.00089382,0,0,0,26409.99999882
1649030400000,2022-04-04 00:00:00,COOL/USDT,26409.99998256,26409.99999866,26409.99998256,26409.99999666,215.11552427,0.00814523,0,0,0,26409.99999664
1648944000000,2022-04-03 00:00:00,COOL/USDT,26409.99996539,26409.99999997,26409.99994814,26409.99996524,43.04407434,0.00162984,0,0,0,26409.99996743
1648857600000,2022-04-02 00:00:00,COOL/USDT,26388.02578119,26409.99999772,26373.77687383,26409.99993079,401.24837626,0.01519968,0,0,0,26398.47524825
1648771200000,2022-04-01 00:00:00,COOL/USDT,26409.99999999,26409.99999999,26370.85842292,26399.01289053,217.99093161,0.00825842,0,0,0,26396.20310073
1648684800000,2022-03-31 00:00:00,COOL/USDT,26330.25766224,26409.99999999,26326.18039367,26388.79831241,126.35362419,0.0047887,0,0,0,26385.78824955
1648598400000,2022-03-30 00:00:00,COOL/USDT,26416.96717774,26416.96717774,26322.1460435,26330.25766224,2134.18123768,0.08094569,0,0,0,26365.59448293
1648512000000,2022-03-29 00:00:00,COOL/USDT,26441.96717774,26466.96717774,26420.09217774,26466.96717774,81.3584945,0.00307784,0,0,0,26433.63349242
1648425600000,2022-03-28 00:00:00,COOL/USDT,21065.79322981,36538.85,17955.69876559,26416.96717774,1264.77437962,0.05625705,0,0,0,22482.06010838
1648339200000,2022-03-27 00:00:00,COOL/USDT,19599.89348926,27000,19599.89348926,20534.72495275,2274.64165104,0.09125783,0,0,0,24925.44092973
1648252800000,2022-03-26 00:00:00,COOL/USDT,18529.3508678,27000,18529.3508678,19628.27641692,2702.53663526,0.10744075,0,0,0,25153.73948213
1648166400000,2022-03-25 00:00:00,COOL/USDT,18784.29002271,18957.20639866,18511.4685836,18511.4685836,223.13274923,0.01187161,0,0,0,18795.49186991
1648080000000,2022-03-24 00:00:00,COOL/USDT,18677.50384917,18945.11994058,18615.33050874,18732.34371795,326.65462285,0.01740995,0,0,0,18762.52504223
1647993600000,2022-03-23 00:00:00,COOL/USDT,18664.42065169,18928.92005914,18508.82519621,18547.65083078,203.99701484,0.01095612,0,0,0,18619.45787791
1647907200000,2022-03-22 00:00:00,COOL/USDT,19269.6250075,19988.58789074,17434.41790124,18664.41291351,5612.55547686,0.30178311,0,0,0,18597.97745759
1647820800000,2022-03-21 00:00:00,COOL/USDT,19264.25000008,20000,18356.65626687,18539.250015,289.29189803,0.01499243,0,0,0,19295.86451505
1647734400000,2022-03-20 00:00:00,COOL/USDT,17984.21679853,19434.2167984,17513.37418262,19253.50000009,1449.73040534,0.07816291,0,0,0,18547.54902729
1647648000000,2022-03-19 00:00:00,COOL/USDT,18889.9335967,18889.93359673,17513.3741826,17984.21679854,612.04200013,0.03371955,0,0,0,18150.95397577
1647561600000,2022-03-18 00:00:00,COOL/USDT,17984.2167985,18663.50439715,17191.71460007,17191.71460007,460.65986994,0.02567255,0,0,0,17943.67407771
1647475200000,2022-03-17 00:00:00,COOL/USDT,17078.5000003,18491.4430001,17078.5000003,17984.2167985,765.83977525,0.04296521,0,0,0,17824.64871598
1647388800000,2022-03-16 00:00:00,COOL/USDT,18528.50000015,19978.5,17144.73170342,17784.9715002,1416.71783041,0.07937989,0,0,0,17847.31410459
1647302400000,2022-03-15 00:00:00,COOL/USDT,18528.50000015,19978.5,17784.97150023,19978.5,51.82404108,0.00281564,0,0,0,18405.77669354
1647216000000,2022-03-14 00:00:00,COOL/USDT,18528.50000015,19367.59161881,17803.50000023,19367.59161881,490.05151971,0.02693548,0,0,0,18193.53208917
1647129600000,2022-03-13 00:00:00,COOL/USDT,17784.97150023,18528.50000015,17784.97150023,18528.50000015,2180.78848874,0.11770818,0,0,0,18527.0767821
1647043200000,2022-03-12 00:00:00,COOL/USDT,18528.50000001,19978.5,17078.5000003,18528.50000001,1322.72937866,0.0713889,0,0,0,18528.50203127
1646956800000,2022-03-11 00:00:00,COOL/USDT,18528.50000003,19955.84375003,17123.81250003,19140.21875003,468.82991249,0.02545204,0,0,0,18420.13105823
1646870400000,2022-03-10 00:00:00,COOL/USDT,18528.50000003,19933.18750003,17166.80893753,19253.50000003,732.85700116,0.03969891,0,0,0,18460.38093148
1646784000000,2022-03-09 00:00:00,COOL/USDT,17060.54300002,19693.41015635,17060.54300002,18396.25000007,453.18744109,0.02462332,0,0,0,18404.80654514
1646697600000,2022-03-08 00:00:00,COOL/USDT,17914.0000006,19384.5625001,16254.90625,17957.00000005,1828.51576473,0.10281406,0,0,0,17784.68591486
1646611200000,2022-03-07 00:00:00,COOL/USDT,17819.60000006,19312,16160.63750011,17819.60000006,1290.28842731,0.07273427,0,0,0,17739.75908896
1646524800000,2022-03-06 00:00:00,COOL/USDT,17819.60000001,17819.60000006,16948.98040008,17819.60000006,1479.27996512,0.08305492,0,0,0,17810.86496891
1646438400000,2022-03-05 00:00:00,COOL/USDT,17928.31869999,19525.2,16114.0374003,17819.60000001,4776.56852683,0.26778316,0,0,0,17837.44925122
1646352000000,2022-03-04 00:00:00,COOL/USDT,18631.29999998,19657.82499999,17262.59999998,17262.59999998,1264.77550553,0.06788057,0,0,0,18632.36424704
1646265600000,2022-03-03 00:00:00,COOL/USDT,18881.29999998,20095.32499999,17348.14374998,17786.55546873,1053.88655948,0.05619102,0,0,0,18755.42674765
1646179200000,2022-03-02 00:00:00,COOL/USDT,18893.89999998,20500,17464.93749998,20500,1145.6251174,0.06067975,0,0,0,18879.85888869
1646092800000,2022-03-01 00:00:00,COOL/USDT,19012.60000001,20525.19999998,14550.00000103,18893.89999997,2362.11049131,0.12585692,0,0,0,18768.2210189
1646006400000,2022-02-28 00:00:00,COOL/USDT,19012.6,21407.421875,16794.4453125,19012.60000001,1266.00528328,0.06677227,0,0,0,18960.04558903
1645920000000,2022-02-27 00:00:00,COOL/USDT,18762.6,19012.6,17362.5374,19012.6,23.16893115,0.00124408,0,0,0,18623.34508911
1645833600000,2022-02-26 00:00:00,COOL/USDT,18525,21525.2,17262.5,18762.6,2692.01391747,0.15088105,0,0,0,17841.96171402
1645747200000,2022-02-25 00:00:00,COOL/USDT,17904.9,21861.875,14524.12500001,18525,2576.43743342,0.14192135,0,0,0,18153.98059157
1645660800000,2022-02-24 00:00:00,COOL/USDT,19260.0539846,25386.3,12761.87713878,18182.5,4909.49714993,0.26435684,0,0,0,18571.47766609
1645574400000,2022-02-23 00:00:00,COOL/USDT,21433.36647311,25386.29999999,12100.00000206,19260.0539846,6132.10584676,0.31399031,0,0,0,19529.60219301
1645488000000,2022-02-22 00:00:00,COOL/USDT,24329.97326929,24329.97326929,17925.76607143,21433.36647311,8266.3725689,0.35306213,0,0,0,23413.36514597
1645401600000,2022-02-21 00:00:00,COOL/USDT,25021.4882519,25169.17813482,24329.70274641,24329.97326929,7577.68890466,0.30489485,0,0,0,24853.44998338
1645315200000,2022-02-20 00:00:00,COOL/USDT,26049.36467709,26097.60259788,25021.4882519,25021.4882519,11454.18360172,0.44876188,0,0,0,25523.9674139
1645228800000,2022-02-19 00:00:00,COOL/USDT,26098.13762418,26193.43660486,26006.95224903,26048.90361453,7099.33162531,0.27218422,0,0,0,26082.8185606
1645142400000,2022-02-18 00:00:00,COOL/USDT,26270.53982528,26271.02700729,26050.67849616,26098.13762418,5055.21868955,0.19313852,0,0,0,26174.05730122
1645056000000,2022-02-17 00:00:00,COOL/USDT,26153.06943613,26387.9904026,26150.0520874,26270.53982528,9316.25003965,0.35533741,0,0,0,26218.03890463
1644969600000,2022-02-16 00:00:00,COOL/USDT,26012.44071758,26154.04357998,25763.68036046,26153.06943613,7925.85884389,0.305005,0,0,0,25985.99643907
1644883200000,2022-02-15 00:00:00,COOL/USDT,25769.94791706,26053.5500001,25602.30895076,26012.44071758,14315.29810154,0.55544967,0,0,0,25772.44865686
1644796800000,2022-02-14 00:00:00,COOL/USDT,25770.00440098,25785.55694949,25766.36238087,25769.94791706,14941.35593409,0.57979833,0,0,0,25769.91888557
1644710400000,2022-02-13 00:00:00,COOL/USDT,25770.45560566,26053.5500001,25599.21115816,25770.00440098,8856.26456706,0.34452898,0,0,0,25705.42706468
1644624000000,2022-02-12 00:00:00,COOL/USDT,25781.10762469,25782.0560667,25601.62813725,25770.45560566,14986.40269729,0.58146626,0,0,0,25773.46912148
1644537600000,2022-02-11 00:00:00,COOL/USDT,26003.55000001,26003.55000001,25386.30000001,25781.10762469,11053.79548666,0.4286489,0,0,0,25787.5279434
1644451200000,2022-02-10 00:00:00,COOL/USDT,25463.45625001,26312.1750003,25386.30000002,26003.55000001,7278.95794076,0.28069313,0,0,0,25932.08441104
1644364800000,2022-02-09 00:00:00,COOL/USDT,25570.46682869,26309.23711838,25478.38341435,25540.61250001,7386.54965463,0.28742145,0,0,0,25699.36813912
1644278400000,2022-02-08 00:00:00,COOL/USDT,25570.4668287,25570.4668287,25570.46682869,25570.46682869,2087.76136623,0.08164737,0,0,0,25570.46682869
1644192000000,2022-02-07 00:00:00,COOL/USDT,25363.62763337,25403.31400131,25363.62763337,25397.64266754,3406.87284023,0.13422525,0,0,0,25381.75820301
1644105600000,2022-02-06 00:00:00,COOL/USDT,25461.04364974,25461.04364974,24646.74702969,25318.26993166,6784.86634911,0.27104415,0,0,0,25032.32904719
1644019200000,2022-02-05 00:00:00,COOL/USDT,25528.49646474,26040.58985907,25460.37971768,25461.04364974,7156.34401397,0.28001454,0,0,0,25557.04433767
1643932800000,2022-02-04 00:00:00,COOL/USDT,26238.84934878,26805.29509286,25393.60137913,25528.49646473,67446.23738192,2.56485877,0,0,0,26296.27727296
1643846400000,2022-02-03 00:00:00,COOL/USDT,25867.50603229,30104.48248404,25417.38551296,26238.84934878,10154.054,0.38833377,0,0,0,26147.7491386
1643760000000,2022-02-02 00:00:00,COOL/USDT,25634.69116895,26503.4409807,25051.89861965,26503.4409807,18657.2846112,0.72967052,0,0,0,25569.46471018
1643673600000,2022-02-01 00:00:00,COOL/USDT,26906.34227166,27356.22041886,25019.00000023,25634.69116894,15240.07471738,0.5897341,0,0,0,25842.28166114
1643587200000,2022-01-31 00:00:00,COOL/USDT,24619.16274719,39999.99999999,24619.10000007,26906.34227166,12768.40142512,0.50754735,0,0,0,25157.06450861
1643500800000,2022-01-30 00:00:00,COOL/USDT,26327.36022047,26327.36022047,23750,24619.16274719,11137.19552138,0.43948054,0,0,0,25341.72621474
1643414400000,2022-01-29 00:00:00,COOL/USDT,27208.13671298,27208.13671298,26327.36021982,26740.54032976,255.89690487,0.00968211,0,0,0,26429.86961267
1643328000000,2022-01-28 00:00:00,COOL/USDT,26557.50000008,26557.50000008,26030.50000004,26295.25000003,1063.28850032,0.04077963,0,0,0,26074.01048825
1643241600000,2022-01-27 00:00:00,COOL/USDT,27108.00000042,28325.20506926,26304.50000073,26555.00000019,4603.08590865,0.16928765,0,0,0,27190.91385968
1643155200000,2022-01-26 00:00:00,COOL/USDT,26345.52586341,30818.66639872,25501,27108.00000042,15827.58865265,0.59451632,0,0,0,26622.63107034
1643068800000,2022-01-25 00:00:00,COOL/USDT,26840.00783767,27307.83279745,25856.55486605,26345.52586341,12499.31050426,0.47353182,0,0,0,26395.92520786
1642982400000,2022-01-24 00:00:00,COOL/USDT,27086.30836154,27307.83279743,25550.9922509,26840.00783767,12635.50546035,0.47676273,0,0,0,26502.7122828
1642896000000,2022-01-23 00:00:00,COOL/USDT,26789.125,28540.75910595,25501,27086.30836154,12608.79547396,0.47585772,0,0,0,26496.98627137
1642809600000,2022-01-22 00:00:00,COOL/USDT,31098.08543366,31098.08543366,26537.5,26705.25,14730.92671235,0.49685048,0,0,0,29648.61121267
1642723200000,2022-01-21 00:00:00,COOL/USDT,31377.96357917,32020.31250008,31098.08543366,31098.08543366,1235.8926425,0.03925158,0,0,0,31486.44315737
1642636800000,2022-01-20 00:00:00,COOL/USDT,32020.31250007,32020.31250007,31409.57673449,31409.57673449,0,0,0,0,0,31644.75795657
1642550400000,2022-01-19 00:00:00,COOL/USDT,32020.31250007,32020.31250007,31409.57673449,31409.57673449,121.93896096,0.00385337,0,0,0,31644.75795657
1642464000000,2022-01-18 00:00:00,COOL/USDT,30491.43328325,31319.50076571,30491.43328325,31205.99814597,0,0,0,0,0,30779.5753271
1642377600000,2022-01-17 00:00:00,COOL/USDT,30491.43328325,31319.50076571,30491.43328325,31205.99814597,0,0,0,0,0,30779.5753271
1642291200000,2022-01-16 00:00:00,COOL/USDT,30491.43328325,31319.50076571,30491.43328325,31205.99814597,0,0,0,0,0,30779.5753271
1642204800000,2022-01-15 00:00:00,COOL/USDT,30491.43328325,31319.50076571,30491.43328325,31205.99814597,6865.72408322,0.22306104,0,0,0,30779.5753271
1642118400000,2022-01-14 00:00:00,COOL/USDT,29789.67018491,31149.82643496,29256.98295858,30364.17753518,11661.52801633,0.39226148,0,0,0,29728.96552659
1642032000000,2022-01-13 00:00:00,COOL/USDT,30279.64129716,32020.31250008,28760.15624637,29789.67018491,13432.11527356,0.45186583,0,0,0,29725.89291286
1641945600000,2022-01-12 00:00:00,COOL/USDT,28760.1562467,31205.27343466,28760.15624623,29140.02750899,2674.40860783,0.09095646,0,0,0,29403.17386837
1641859200000,2022-01-11 00:00:00,COOL/USDT,30703.71093756,30703.71093756,27334.61662109,27334.61662109,2431.02504957,0.07957179,0,0,0,30551.34300196
1641772800000,2022-01-10 00:00:00,COOL/USDT,31267.96875021,31267.96875133,30666.34866063,30703.71093756,15069.94503062,0.48385655,0,0,0,31145.48109481
1641686400000,2022-01-09 00:00:00,COOL/USDT,29512.50000002,32977.15845471,27476.73750006,31267.9687502,13718.82105184,0.44413029,0,0,0,30889.18130722
1641600000000,2022-01-08 00:00:00,COOL/USDT,32390.625,32390.625,25500.00000001,29512.50000002,6570.81079582,0.22278121,0,0,0,29494.45689706
1641513600000,2022-01-07 00:00:00,COOL/USDT,32012.50000002,32768.75000001,32012.50000001,32201.5625,1438.91893734,0.04463978,0,0,0,32234.00602207
1641427200000,2022-01-06 00:00:00,COOL/USDT,32012.50000003,33525,32012.50000002,33524.99999999,10858.93536983,0.33809887,0,0,0,32117.63283867
1641340800000,2022-01-05 00:00:00,COOL/USDT,36898.89242071,38449.44621033,32012.50000003,32012.50000003,9640.02416372,0.27304354,0,0,0,35305.81299861
1641254400000,2022-01-04 00:00:00,COOL/USDT,25639.7996037,54662.5,25500,36898.89242071,11426.01194015,0.34825412,0,0,0,32809.409233
1641168000000,2022-01-03 00:00:00,COOL/USDT,30761.24999811,30861.74999875,25550,25621.65770668,13337.82166988,0.47516648,0,0,0,28069.7865512
1641081600000,2022-01-02 00:00:00,COOL/USDT,25919.5,34236.24999887,25550.00000001,30761.24999813,3134.78849613,0.11656097,0,0,0,26893.98085941
1640995200000,2022-01-01 00:00:00,COOL/USDT,21357.87499948,27039.02863872,21357.87499948,25726.49999767,8171.64057746,0.34557365,0,0,0,23646.59625369
1640908800000,2021-12-31 00:00:00,COOL/USDT,20403.98343974,21357.87500133,20394.5,21357.87499948,13168.99537797,0.63553713,0,0,0,20721.0480023
1640822400000,2021-12-30 00:00:00,COOL/USDT,20394.52920924,20764.70377022,20394.50000287,20403.98343974,10461.72432171,0.51219961,0,0,0,20425.09232234
1640736000000,2021-12-29 00:00:00,COOL/USDT,21680.59999963,22323.64999731,20394.52920924,20394.52920924,15296.52180338,0.72937829,0,0,0,20972.00041885
1640649600000,2021-12-28 00:00:00,COOL/USDT,21680.6049967,22966.69999239,20394.5,21680.59999963,13136.33819658,0.63212957,0,0,0,20781.08479656
1640563200000,2021-12-27 00:00:00,COOL/USDT,21680.60499745,21830.84999748,20394.51000001,21680.6049967,9818.41301322,0.46365901,0,0,0,21175.93490359
1640476800000,2021-12-26 00:00:00,COOL/USDT,22966.75499674,22966.75499791,21037.55749896,21680.60499745,4983.89924498,0.2286769,0,0,0,21794.50239611
1640390400000,2021-12-25 00:00:00,COOL/USDT,17125.14999999,24966.825,17125.14999999,21037.5712499,5292.84949034,0.24298989,0,0,0,21782.17986905
1640304000000,2021-12-24 00:00:00,COOL/USDT,21410.257862,21814.60751064,16900.50000126,17125.14999999,6705.78880852,0.36051811,0,0,0,18600.42151148
1640217600000,2021-12-23 00:00:00,COOL/USDT,22978.99416753,25725.27421239,21641.00007907,23248.63522189,12013.17258653,0.52381291,0,0,0,22934.09031582
1640131200000,2021-12-22 00:00:00,COOL/USDT,22802.8409633,26954.5,17989.81500098,22978.99416754,15834.57696491,0.67945926,0,0,0,23304.6746098
1640044800000,2021-12-21 00:00:00,COOL/USDT,18762.9752518,24852.77560208,18762.9752518,22802.84096329,15693.85685151,0.71674783,0,0,0,21895.9251701
1639958400000,2021-12-20 00:00:00,COOL/USDT,17696.15497678,23909.99999999,15829.60242091,19318.39403519,14012.74317835,0.75898748,0,0,0,18462.41676919
1639872000000,2021-12-19 00:00:00,COOL/USDT,15198.19034568,17696.15497678,15000.19698403,17696.15497678,6791.72215279,0.4424385,0,0,0,15350.65812037
1639785600000,2021-12-18 00:00:00,COOL/USDT,15577.69569199,15577.69569225,15031.30203033,15198.19034568,17838.874237,1.17248562,0,0,0,15214.5782709
1639699200000,2021-12-17 00:00:00,COOL/USDT,14843.17390863,16223.44528977,14832.6,15577.69569198,16989.85899423,1.1229876,0,0,0,15129.15992504
1639612800000,2021-12-16 00:00:00,COOL/USDT,15833.12451698,16558.25866205,13571.22084607,14843.17390863,13656.17393815,0.92079965,0,0,0,14830.77663871
1639526400000,2021-12-15 00:00:00,COOL/USDT,15833.12452165,19566.24903191,13950.72913545,15833.12451698,6405.14813049,0.40297438,0,0,0,15894.67829318
1639440000000,2021-12-14 00:00:00,COOL/USDT,16333.12451603,17699.68677675,13861.63489031,17699.68677673,7836.28565058,0.49397796,0,0,0,15863.63418032
1639353600000,2021-12-13 00:00:00,COOL/USDT,15283.12451793,17949.68677458,13126.27913578,16333.12451601,4690.93785002,0.28922982,0,0,0,16218.72132695
1639267200000,2021-12-12 00:00:00,COOL/USDT,20499.49999997,20499.49999997,15699.74999991,19312.06250002,11333.93485551,0.59363133,0,0,0,19092.54832543
1639180800000,2021-12-11 00:00:00,COOL/USDT,21020.70299885,21020.70299889,20499.49999997,20499.49999997,11006.06018695,0.53396712,0,0,0,20611.86873632
1639094400000,2021-12-10 00:00:00,COOL/USDT,21046.17846784,21046.17846784,20500.14475269,21020.70299885,11816.15108563,0.56615784,0,0,0,20870.77180744
1639008000000,2021-12-09 00:00:00,COOL/USDT,21371.43604193,21577.75475426,21046.17857766,21046.1786326,9895.96564686,0.46847995,0,0,0,21123.56280532
1638921600000,2021-12-08 00:00:00,COOL/USDT,21076.89185941,22108.85517887,21046.17846414,21046.95260397,13172.34226193,0.61746487,0,0,0,21332.94200516
1638835200000,2021-12-07 00:00:00,COOL/USDT,21358.67601871,23877.8749997,20717.02591304,21076.89185941,19461.52821457,0.89728597,0,0,0,21689.3263299
1638748800000,2021-12-06 00:00:00,COOL/USDT,25005.03117766,25005.03117766,20791.96153927,21358.67601873,17281.76152488,0.74642685,0,0,0,23152.6525672
1638662400000,2021-12-05 00:00:00,COOL/USDT,27000.00531131,27000.00531131,25005.0227938,25005.03117766,14700.52665779,0.56538052,0,0,0,26001.11984367
1638576000000,2021-12-04 00:00:00,COOL/USDT,28540.60000001,28623.70024515,27000.00531131,27000.00531131,12541.82741458,0.45235333,0,0,0,27725.73248124
1638489600000,2021-12-03 00:00:00,COOL/USDT,28623.70074518,28666.14279737,28540.601,28561.3750613,11912.59636816,0.41621714,0,0,0,28621.10956835
1638403200000,2021-12-02 00:00:00,COOL/USDT,28715.20487393,28870.3005,28562.7061397,28623.70074518,15640.81114223,0.54612847,0,0,0,28639.4355933
1638316800000,2021-12-01 00:00:00,COOL/USDT,28760.52587501,29020.30050001,28686.8005,28715.20487393,19367.19596541,0.67325429,0,0,0,28766.53926025
1638230400000,2021-11-30 00:00:00,COOL/USDT,28980.45075009,28980.45075014,28656.49226026,28760.52587501,17337.89270711,0.60127859,0,0,0,28835.04085371
1638144000000,2021-11-29 00:00:00,COOL/USDT,29732.27287653,31056.49997578,28540.6010002,28980.45075009,11201.55665552,0.3829853,0,0,0,29248.00679171
1638057600000,2021-11-28 00:00:00,COOL/USDT,29094.91087701,29094.91087703,28669.42383501,28830.35651063,16834.29707943,0.58146257,0,0,0,28951.643576
1637971200000,2021-11-27 00:00:00,COOL/USDT,29618.54647347,29687.83421011,28540.60000002,29094.91087701,23253.59440962,0.79481659,0,0,0,29256.55390462
1637884800000,2021-11-26 00:00:00,COOL/USDT,29135.79941889,30770.29999899,28540.60000039,29618.54647344,20526.53212325,0.69356622,0,0,0,29595.634175
1637798400000,2021-11-25 00:00:00,COOL/USDT,28503.25036246,29786.32788253,28335.90104541,29135.79941888,18846.29319072,0.65872571,0,0,0,28610.22866517
1637712000000,2021-11-24 00:00:00,COOL/USDT,27783.66853962,31732.05580414,27670.45600925,28503.25036246,13383.7960049,0.45808022,0,0,0,29217.14455363
1637625600000,2021-11-23 00:00:00,COOL/USDT,28897.91174196,29596.86760851,27578.27949168,27783.66853962,15310.0235263,0.54874967,0,0,0,27899.83186013
1637539200000,2021-11-22 00:00:00,COOL/USDT,28997.36575538,30545.38444286,28897.91174062,28897.91174195,15051.37987088,0.51542012,0,0,0,29202.15817513
1637452800000,2021-11-21 00:00:00,COOL/USDT,28365.50761547,29363.88234364,27730.94822967,28997.36575536,15874.08847614,0.55660092,0,0,0,28519.69500183
1637366400000,2021-11-20 00:00:00,COOL/USDT,27365.7131086,30757.96069907,27365.7131086,28365.50761547,18044.41711137,0.61958151,0,0,0,29123.55649762
1637280000000,2021-11-19 00:00:00,COOL/USDT,31288.05127245,35990.53253885,26501.00000002,27365.7131086,17867.28585763,0.59842035,0,0,0,29857.416877
1637193600000,2021-11-18 00:00:00,COOL/USDT,28677.49999178,36621.10254397,25955.00000244,31288.05127246,10159.97909142,0.34257752,0,0,0,29657.45998577
1637107200000,2021-11-17 00:00:00,COOL/USDT,28677.49999253,31200.00043506,26227.50000105,28677.4999918,9330.07012699,0.34083416,0,0,0,27374.22248696
1637020800000,2021-11-16 00:00:00,COOL/USDT,28628.21576092,31299.99998599,26360.65361404,30800.00000001,16017.39175354,0.58174658,0,0,0,27533.28047677
1636934400000,2021-11-15 00:00:00,COOL/USDT,27120.62018007,28628.21576103,25969.89477719,28628.21576092,19191.0783007,0.70387952,0,0,0,27264.72038952
1636848000000,2021-11-14 00:00:00,COOL/USDT,28605.96577014,28605.96577014,26343.94666966,27120.62018006,15964.02126283,0.58875265,0,0,0,27114.98837897
1636761600000,2021-11-13 00:00:00,COOL/USDT,25935.3662439,28605.96577068,25466.18729043,28605.96577015,18314.93720357,0.69257174,0,0,0,26444.82317972
1636675200000,2021-11-12 00:00:00,COOL/USDT,29515.10323887,29636.4865392,25928.94084968,25935.36624391,13443.23411848,0.47917576,0,0,0,28054.91270778
1636588800000,2021-11-11 00:00:00,COOL/USDT,29740.46217297,29854.86958274,29515.10323886,29515.10323888,9197.15579805,0.3106392,0,0,0,29607.19638105
1636502400000,2021-11-10 00:00:00,COOL/USDT,30889.9999942,30889.99999551,29580.00009517,29740.46217298,22290.98658334,0.73685923,0,0,0,30251.35015726
1636416000000,2021-11-09 00:00:00,COOL/USDT,27645.74635118,31147.40988137,27119.60650627,30889.99999419,22596.67434745,0.76401289,0,0,0,29576.29988082
1636329600000,2021-11-08 00:00:00,COOL/USDT,27333.25105069,28333.8890989,27136.20298376,27645.74635117,20423.88558621,0.74389141,0,0,0,27455.46636466
1636243200000,2021-11-07 00:00:00,COOL/USDT,26898.76239218,27563.26028099,26826.3120059,27333.2510507,8175.49201471,0.30263918,0,0,0,27013.99076853
1636156800000,2021-11-06 00:00:00,COOL/USDT,26210.29161364,27713.26028254,25897.01014845,26898.76239217,19110.31748805,0.72017816,0,0,0,26535.54154996
1636070400000,2021-11-05 00:00:00,COOL/USDT,26470.0758097,27935.15151944,25299.96309451,26210.29161363,18881.78773991,0.71989881,0,0,0,26228.39137615
1635984000000,2021-11-04 00:00:00,COOL/USDT,28200.4318069,28203.00641274,25346.6308282,26470.07580972,14625.10701032,0.54613131,0,0,0,26779.46995994
1635897600000,2021-11-03 00:00:00,COOL/USDT,30252.37017191,30252.37017418,27721.31193138,28200.4318069,19618.56981503,0.67681607,0,0,0,28986.56028517
1635811200000,2021-11-02 00:00:00,COOL/USDT,27056.8358905,30252.37017378,26476.96686948,30252.37017193,23031.84862175,0.81055926,0,0,0,28414.7621998
1635724800000,2021-11-01 00:00:00,COOL/USDT,28751.53041245,28871.83033012,25250.00000001,27056.83589049,19438.48681873,0.72233312,0,0,0,26910.69574482
1635638400000,2021-10-31 00:00:00,COOL/USDT,28875.21844406,29091.34774558,28710.80265926,28751.53041246,19682.74077462,0.68220908,0,0,0,28851.47874992
1635552000000,2021-10-30 00:00:00,COOL/USDT,29114.93464056,29560.89849065,28782.47341985,28875.21844405,20027.60793045,0.69022338,0,0,0,29016.12508469
1635465600000,2021-10-29 00:00:00,COOL/USDT,29860.89849178,29860.89849182,28703.28440823,29114.93464056,14919.88568463,0.5100071,0,0,0,29254.27054767
1635379200000,2021-10-28 00:00:00,COOL/USDT,27579.83715412,29426.14476014,26949.12051271,29158.02884066,12864.55288268,0.44928713,0,0,0,28633.25482456
1635292800000,2021-10-27 00:00:00,COOL/USDT,30149.76846979,31928.61324848,26812.00000041,27579.83715413,20844.77511172,0.71554995,0,0,0,29131.12510416
1635206400000,2021-10-26 00:00:00,COOL/USDT,27611.59619535,31856.00000045,27083.98459872,29505.71847036,20277.54677711,0.720826,0,0,0,28130.98691933
1635120000000,2021-10-25 00:00:00,COOL/USDT,27639.02694358,30174.72438883,26568.09676822,27611.59619534,20234.45300596,0.73114327,0,0,0,27675.08617833
1635033600000,2021-10-24 00:00:00,COOL/USDT,31451.24999282,31451.24999282,26250.26657955,27639.02694357,16278.6631786,0.55836428,0,0,0,29154.19872238
1634947200000,2021-10-23 00:00:00,COOL/USDT,30679.35972053,34739.10000005,26002.50000004,27502.50000004,11609.10550969,0.3855662,0,0,0,30109.24066916
1634860800000,2021-10-22 00:00:00,COOL/USDT,30478.19260024,31304.25679996,30034.68230743,30679.35972054,16022.17497096,0.52272443,0,0,0,30651.28402543
1634774400000,2021-10-21 00:00:00,COOL/USDT,30478.19259992,31304.25679997,29652.12839997,30478.19260023,10052.05709532,0.32906841,0,0,0,30547.01329528
1634688000000,2021-10-20 00:00:00,COOL/USDT,32000.00000004,36000,29554.36271058,30478.19259992,10250.60566369,0.33002658,0,0,0,31059.93966818
1634601600000,2021-10-19 00:00:00,COOL/USDT,28249.75,36000,28249.74999999,32000.00000005,812.49906587,0.02691935,0,0,0,30182.71488268
1634515200000,2021-10-18 00:00:00,COOL/USDT,30834.35000003,40000,25000,33000,1737.99584719,0.05415361,0,0,0,32093.8132693
1634428800000,2021-10-17 00:00:00,COOL/USDT,31991.98880811,36315.27761624,30834.35000001,30834.35000002,2183.77151918,0.06515693,0,0,0,33515.56801688
1634342400000,2021-10-16 00:00:00,COOL/USDT,33907.63880823,36315.27761624,25022.22091299,31991.9888081,2716.0777563,0.08426162,0,0,0,32233.86586093
1634256000000,2021-10-15 00:00:00,COOL/USDT,35526.38808131,37500.92761624,33871.32353055,33907.63880823,2365.98532241,0.0691925,0,0,0,34194.24536502
1634169600000,2021-10-14 00:00:00,COOL/USDT,35761.11046497,41130.55523252,30355.90458701,38445.83284869,2033.98577577,0.05402056,0,0,0,37652.06757903
1634083200000,2021-10-13 00:00:00,COOL/USDT,40969.21421712,46499.99999809,22499.49999999,35761.11046498,2529.08896964,0.07477823,0,0,0,33821.19327574
1633996800000,2021-10-12 00:00:00,COOL/USDT,40969.21421708,40969.21421717,40969.21421707,40969.21421713,2764.64190581,0.06748096,0,0,0,40969.21421712
1633910400000,2021-10-11 00:00:00,COOL/USDT,41469.21422012,41969.21422035,36438.42844007,40969.21421707,2952.97354643,0.07132179,0,0,0,41403.52543643
1633824000000,2021-10-10 00:00:00,COOL/USDT,45449.50029988,45449.50029988,37532.42105869,41469.21422011,2839.86337347,0.06920267,0,0,0,41036.90469562
1633737600000,2021-10-09 00:00:00,COOL/USDT,44891.03045477,46500,44891.03045477,45449.50029987,2319.72596611,0.05103752,0,0,0,45451.38490487
1633651200000,2021-10-08 00:00:00,COOL/USDT,45474.00884149,46511.50883857,45474.00884139,46511.50883854,2072.19435814,0.04546005,0,0,0,45582.75580749
1633564800000,2021-10-07 00:00:00,COOL/USDT,46549.01767703,46549.01767712,44099.00000039,45474.00884148,3001.55209794,0.06606324,0,0,0,45434.52755181
1633478400000,2021-10-06 00:00:00,COOL/USDT,41765.82500001,49999.49999999,41765.82499998,46549.01767704,3288.90357911,0.07046103,0,0,0,46676.91600753
1633392000000,2021-10-05 00:00:00,COOL/USDT,34998.42500009,47424.12499993,32665.60000001,41765.82500002,4372.09040848,0.11255226,0,0,0,38844.98106468
1633305600000,2021-10-04 00:00:00,COOL/USDT,33332.01250053,37248.04374995,32665.6,34998.42500008,3978.98876581,0.1151295,0,0,0,34560.98363854
1633219200000,2021-10-03 00:00:00,COOL/USDT,24914.2500058,36031.24999997,24914.2500058,33332.01250052,6900.27444575,0.2250003,0,0,0,30667.84553513
1633132800000,2021-10-02 00:00:00,COOL/USDT,27157,27157,22778.50000004,24914.25000572,1142.46483645,0.04655759,0,0,0,24538.7451638
1633046400000,2021-10-01 00:00:00,COOL/USDT,24842.75000009,27157,22828.50000026,27078.49999995,2981.70659164,0.12212904,0,0,0,24414.3947389
1632960000000,2021-09-30 00:00:00,COOL/USDT,25875.95003351,28751.89999999,20641.42151526,24842.75000009,2590.95875756,0.09742738,0,0,0,26593.74354069
1632873600000,2021-09-29 00:00:00,COOL/USDT,25876.00000755,27314.00000449,24412.12401341,25875.95003347,3190.09160661,0.12324133,0,0,0,25884.91706975
1632787200000,2021-09-28 00:00:00,COOL/USDT,25876.00000619,28752,24369.75000625,25876.00000754,3649.78322644,0.14153811,0,0,0,25786.57597196
1632700800000,2021-09-27 00:00:00,COOL/USDT,34400,34400,23000.00000415,25876.00000617,1764.41173037,0.06262716,0,0,0,28173.26748296
1632614400000,2021-09-26 00:00:00,COOL/USDT,20550.7011309,37900,18104.4999987,34400,11088.67562501,0.46034139,0,0,0,24087.93965934
1632528000000,2021-09-25 00:00:00,COOL/USDT,21026.12499966,23770.59391941,18759.68380077,20550.70113091,5260.26488251,0.24669387,0,0,0,21323.04658611
1632441600000,2021-09-24 00:00:00,COOL/USDT,20160.79999191,22217.09999999,19104.49999853,21026.12499967,3409.13345506,0.16965529,0,0,0,20094.47188509
1632355200000,2021-09-23 00:00:00,COOL/USDT,20217.08999211,22329.69999325,18104.49999853,20160.79999193,3019.73148743,0.14991541,0,0,0,20142.90250372
1632268800000,2021-09-22 00:00:00,COOL/USDT,20479.24998202,22958.49994231,17500.90000001,20217.08999213,8438.06529393,0.41619393,0,0,0,20274.35934478
1632182400000,2021-09-21 00:00:00,COOL/USDT,19739.23062885,22958.49999714,18999.99999999,18999.99999999,8548.17697498,0.41639144,0,0,0,20529.18517005
1632096000000,2021-09-20 00:00:00,COOL/USDT,21479.59999993,22958.49999771,18745.0515624,19739.23062886,11714.56896398,0.57696639,0,0,0,20303.72854818
1632009600000,2021-09-19 00:00:00,COOL/USDT,22499.00000002,22958.5,19889.879625,21479.59999992,6283.05598953,0.28799611,0,0,0,21816.46130405
1631923200000,2021-09-18 00:00:00,COOL/USDT,16077.325913,22999.99999965,16077.32591298,22499.00000003,12378.39231596,0.61836162,0,0,0,20018.047556
1631836800000,2021-09-17 00:00:00,COOL/USDT,17473.19299666,20999.99999973,15506.86529631,16077.32591301,5550.91768036,0.31602341,0,0,0,17564.89394367
1631750400000,2021-09-16 00:00:00,COOL/USDT,16245.28658027,22999.99999979,15340.33884153,16355.21300561,7123.62328473,0.38824745,0,0,0,18348.15215072
1631664000000,2021-09-15 00:00:00,COOL/USDT,17724.94999985,17724.94999995,15125.61805821,16245.28658026,11680.72812798,0.72669962,0,0,0,16073.6675877
1631577600000,2021-09-14 00:00:00,COOL/USDT,16703.35154503,17999.99999995,14750.41203197,17724.94999986,3449.00658015,0.20588044,0,0,0,16752.47332944
1631491200000,2021-09-13 00:00:00,COOL/USDT,15250.41203193,18898.99999996,14520.677527,16703.35154504,5067.72131208,0.32036356,0,0,0,15818.65712844
1631404800000,2021-09-12 00:00:00,COOL/USDT,14520.69143769,15999.99999999,14520.64459878,15250.41203194,2618.99362221,0.17714401,0,0,0,14784.54519697
1631318400000,2021-09-11 00:00:00,COOL/USDT,15200.95854152,15315.12214155,14500.00000004,14520.6914377,1991.69719959,0.13489696,0,0,0,14764.58179339
1631232000000,2021-09-10 00:00:00,COOL/USDT,17999.99999997,19512.00000009,15000,15000,171022.44544616,9.23926033,0,0,0,18510.40444123
1631145600000,2021-09-09 00:00:00,COOL/USDT,13374.53263533,28447.99999933,12206.8003131,17999.99999996,147944.67668476,7.56813679,0,0,0,19548.36187425
1631059200000,2021-09-08 00:00:00,COOL/USDT,11794.8647071,13768.06526975,11396.00000031,13374.53263531,4045.77467049,0.32946656,0,0,0,12279.77331141
1630972800000,2021-09-07 00:00:00,COOL/USDT,20999.99999999,21000,10246,11794.86470709,11559.82790345,0.68579106,0,0,0,16856.19509746
1630886400000,2021-09-06 00:00:00,COOL/USDT,23000,30000,15969.77777777,22899.9999988,4587.74255904,0.22355063,0,0,0,20522.16340898
1630800000000,2021-09-05 00:00:00,COOL/USDT,46001.00000005,57999.99999998,20000,21999.99999999,7076.06401654,0.28423306,0,0,0,24895.28845289
1630713600000,2021-09-04 00:00:00,COOL/USDT,33999.99999999,59999.77777777,25000,44550.99999999,5573.88700675,0.15913621,0,0,0,35025.88761384
1630627200000,2021-09-03 00:00:00,COOL/USDT,16670.2,9910670.2,10670.2,36000,3464.07483556,0.06212784,0,0,0,55757.20700351
